investorId:ID(Investor),name
0,瑞华林投资
1,上海汇声信息科技有限公司
2,华控基金
3,味千中国
4,德创投资
5,漳州片仔癀药业股份有限公司
6,上海汽车工业(集团)总公司
7,麦田万家创投
8,杭州科发天使投资合伙企业(有限合伙)
9,国富源投资管理
10,23Seed思得投资
11,今日头条
12,经邦投资
13,江苏伊斯特威尔国际贸易有限公司
14,泰达科投
15,广东荣造投资
16,瑞祺皓迪
17,交投汉江(襄阳)健康成长产业投资中心(有限合伙)
18,中日节能环保创业投资有限公司
19,中旌寰宇
20,奇虎360
21,雅弘投资
22,弘迩投资
23,时代伯乐
24,方源资本
25,富连网国际
26,羽时资产
27,财富证券
28,凯辉投资
29,融信华诚投资
30,尚诚永盛股权投资
31,江门市科恒实业股份有限公司
32,银江资本
33,启明星辰
34,宁波鼎锋明德齐家投资合伙企业(有限合伙)
35,河北中创电子商务股权投资基金中心(有限合伙)
36,星路鼎泰(桐乡)大数据产业股权投资基金合伙企业(有限合伙)
37,奇瑞汽车
38,宏儒和愉投资
39,西南证券股份有限公司
40,杭州泽宏信瑞投资合伙企业(有限合伙)
41,中科物联
42,鲁信祺晟
43,上海呈瑞投资管理有限公司-永隆呈瑞新三板四期投资基金
44,浙江省国企改革基金
45,中信产业基金
46,杭州元弘投资
47,南京麒麟产业投资有限公司
48,宁波市科发二号股权投资基金合伙企业(有限合伙)
49,晓扬科技投资
50,上海亚商
51,杭州滨创股权投资有限公司
52,光控众盈新产业基金
53,三峡鑫泰
54,上海坤言投资
55,险峰长晴
56,泰州盛鑫产业基金
57,上海铭大实业(集团)有限公司
58,2020 Investment
59,檀实资产
60,上海裕勤投资管理合伙企业(有限合伙)
61,华泰证券股份有限公司
62,宁波梅山保税港区锐正投资
63,北京清科创投
64,长安财富资产管理有限公司-长安资产·景林康瑞盈实专项资产管理计划
65,台州金投
66,深圳汇投叁号投资企业(有限合伙)
67,深圳福星资本管理有限公司
68,东莞证券股份有限公司
69,常州百旭电子商务有限公司
70,德联资本
71,琥珀资本
72,山东瑞斯乐通信科技有限公司
73,金池投资
74,立达资本
75,凯磐资本
76,北京基石仲盈创业投资中心(有限合伙)
77,杭州金投
78,厚持资本
79,北京丝绸时代投资管理有限公司-丝绸时代财富1号契约型私募投资基金
80,天图兴福股权投资
81,熠明创投
82,粤科金融集团
83,金海鹏投资
84,暾澜投资
85,宏邦投资
86,东莞市东实创业投资有限公司
87,九洲创投
88,中金资本
89,广东汇冠教育投资有限公司
90,杭州善银投资管理合伙企业(有限合伙)
91,梅山保税港区东旼投资
92,上海联硒
93,苏州贝塔股权投资管理合伙企业(有限合伙)
94,鲁证创投
95,嘉元实业投资
96,光大浸辉
97,深圳市上元星晖电子产业股权投资基金企业(有限合伙)
98,中航电测
99,招商证券资产管理有限公司
100,新凤祥光明投资
101,思科瑞新资本
102,金智集团
103,丰瑞投资
104,合肥科迪投资管理合伙企业(有限合伙)
105,上海聚源聚芯集成电路产业股权投资基金中心(有限合伙)
106,半岛基石创投
107,国金鼎兴
108,首业君京投资
109,杭州维思
110,西藏达孜和聚厚德投资
111,招商证券股份有限公司
112,中科白云
113,上海锦狮天众投资管理中心(有限合伙)
114,百泰易合(北京)资产管理有限公司-风生达盈1号投资基金
115,弘卓资本
116,同盟资本
117,中民投资本
118,箴言投资
119,瑞尔新创投资
120,兴和创业
121,中电资产
122,宁波中车投资
123,碧鸿资本
124,中兴创投
125,深圳兼固投资
126,上海玖琨股权投资管理有限公司
127,海恒创新投资
128,上海华信长安网络科技有限公司
129,越秀金控
130,舟融言投资
131,Gamnat
132,西藏奥桀新能源
133,济宁英飞尼迪
134,苏州太平国发通融贰号投资企业(有限合伙)
135,润新创投
136,镇江国投
137,北京北后溢久投资中心(有限合伙)
138,曼图资本Mandra Capital
139,山支点投资
140,海纳亚洲
141,北京中盛慧信创投基金管理中心(有限合伙)
142,和光投资
143,华盖资本
144,北京中广互联投资
145,东山精密
146,华福证券有限责任公司
147,汇悦资本
148,上海创伴创业投资合伙企业(有限合伙)
149,青锐创投
150,江西和信融智资产管理有限公司
151,汉理资本
152,招商局资本
153,UMCloud
154,杰思汉能
155,方德信
156,中科院创业投资
157,汇银富通资产管理有限公司
158,北京九州会博雅投资中心(有限合伙)
159,富通投资
160,润瑞投资
161,招商局集团
162,信诚基金管理有限公司
163,康元同心
164,浙江智度
165,梅花天使创投
166,宁波云冠股权投资合伙企业(有限合伙)
167,民生加银基金管理有限公司
168,七匹狼节能环保
169,招商局中国基金
170,安徽恒敬投资控股有限公司
171,宁波中地信贰号投资管理合伙企业(有限合伙)
172,阿里巴巴网络
173,万丰锦源
174,国信证券股份有限公司
175,浙江万马腾飞股权投资合伙企业(有限合伙)
176,杭州广沣启沃股权投资合伙企业(有限合伙)
177,陕西高端装备高技术创业投资基金(有限合伙)
178,石河子国杰股权投资
179,壹号资本
180,如皋雍创通达投资
181,特银资本
182,芜湖远大创投
183,浙农科业
184,澳大利亚未来基金
185,广发信德-广发证券
186,星汉医药
187,成为资本
188,君合银丰
189,武汉达润投资管理有限公司
190,领军人才创投引导基金
191,以太创服(以太资本)
192,富士康
193,易联资本
194,无锡创投集团
195,思佰益
196,云锋新创
197,中联投控股股份有限公司
198,上海证大投资管理有限公司
199,中金国联投资
200,博源基金
201,隐山资本
202,天烁投资
203,敦鸿资产
204,长安财富资产管理有限公司-长安资产景林新三板投资专项资产管理计划
205,青云创投
206,昌途投资
207,东证洛宏(嘉兴)投资合伙企业(有限合伙)
208,首誉光控
209,KTB投资集团
210,裕德投资
211,安持资本
212,平安鼎创
213,蓝山投资
214,中芯聚源
215,中科招商股权投资
216,清松资本
217,六禾投资
218,中鼎资本
219,兰馨亚洲
220,36氪
221,浙江方向投资有限公司
222,TCL创投
223,海通兴泰(安徽)新兴产业投资基金(有限合伙)
224,深圳南方创投
225,国药资本
226,品观网
227,PNP
228,高通Qualcomm Ventures
229,中新苏州工业园区创业投资有限公司
230,宏利创新投资
231,平安创新资本
232,盈实基金
233,嘉兴同系天旭投资合伙企业(有限合伙)
234,海厚泰资本
235,浙江联合中小企业控股集团有限公司
236,张家港保税区十月海昌投资管理合伙企业(有限合伙)
237,Alliance RNM
238,九泰基金--新三板18号资产管理计划(管理人:九泰基金管理有限公司)
239,成都创客企业管理咨询合伙企业(有限合伙)
240,高捷金台创投
241,奥飞娱乐股份有限公司
242,新昶虹
243,明源软件
244,浙大网新
245,北京凯联会资产管理有限公司
246,庆芮资本
247,墨白资本
248,浙商证券资管-农业银行-浙商金惠先锋1号集合资产管理计划
249,海达投资
250,北京融嘉汇能投资管理中心(有限合伙)
251,深圳市万物成长创业投资有限责任公司
252,乐搏资本
253,青岛华通科技创新投资中心(有限合伙)
254,广东海富投资管理有限公司
255,清瑞股权投资基金
256,鼎珮投资
257,险峰长青
258,Brizan Ventures
259,贵安创投
260,华创策源
261,基汇资本
262,吴江创迅创投
263,谢诺辰阳
264,阳光保险
265,宁波梅山保税港云懿投资
266,顺丰控股
267,上海经宏
268,领复资产管理
269,东湖国隆
270,浙商汇融投资
271,博润创投
272,朴素资本
273,陈亨明
274,弘治资本
275,德鑫创投
276,上海宝鼎爱平投资合伙企业(有限合伙)
277,嘉兴部道投资
278,重庆两江新区战略性新兴产业股权投资
279,太冠资本
280,香港水木投资
281,速会基金新三板成长1号私募投资基金
282,歌尔股份
283,鹰发集团
284,元禾璞华
285,联创资本
286,东湖创投
287,凯盈投资
288,JONGMI
289,茂榕投资
290,北京中泰创汇投资
291,兴业资管-兴业证券
292,深圳先驱投资管理有限公司
293,温州海汇金投创业投资企业(有限合伙)
294,上海沓磊投资管理合伙企业(有限合伙)
295,在册员工
296,湖北交投资本
297,信达澳银基金管理有限公司
298,深圳大唐汇金产业投资基金合伙企业(有限合伙)
299,江苏和泰投资
300,首创证券有限责任公司
301,嘉实基金管理有限公司
302,子沐基金
303,智联招聘
304,线性资本
305,英诺天使基金
306,青岛市企业发展投资有限公司
307,赛伯乐
308,广州金控资产管理有限公司
309,国科投资
310,常州重道
311,中银集团投资有限公司
312,南方基金
313,诚通基金
314,广州逸道同源投资
315,石河子市隆华汇股权投资合伙企业(有限合伙)
316,深圳市汇杰投资有限公司
317,赛富资管
318,盈峰资本
319,广州广电运通金融电子股份有限公司
320,卓中投资
321,海尔赛富
322,渤海证券股份有限公司
323,比特大陆集团
324,科大控股
325,中以智教基金
326,国科嘉和
327,深圳优尼科投资
328,元达信资本-聚宝1号专项资产管理计划(管理人:元达信资本管理(北京)有限公司)
329,上海国泰君安证券资产管理有限公司
330,南方航空
331,上海国君创投隆盛投资中心(有限合伙)
332,天弘基金管理有限公司
333,深圳市达晨财智创业投资管理有限公司
334,中银基金
335,江苏沿海资本
336,吉盛传动
337,上海朱雀壬申投资中心(有限合伙)
338,湖州赛源股权投资合伙企业(有限合伙)
339,正居资本
340,昆仑万维
341,清源投资
342,深圳南海成长同赢股权投资基金(有限合伙)
343,尚融投资
344,九泰基金-工商银行-九泰基金-嘉禾9号资产管理计划
345,万豪创投
346,H Capital
347,广州慧创蚨祥裕酉投资合伙企业(有限合伙)
348,工银瑞信基金管理有限公司
349,天紫微投资
350,华金证券有限责任公司
351,中冀盛元
352,中日节能环保创投
353,中国航空技术深圳有限公司
354,苇渡资本
355,千合资本
356,淳信资本
357,鼎信泰和
358,上海必海
359,技转创投
360,人保资本股权投资
361,上海希通投资
362,飞马基金
363,科大讯飞
364,北京玖缘
365,红岭创投
366,西藏自治区投资有限公司
367,东方邦信创业投资有限公司
368,山东省金融资产管理股份有限公司
369,Wali International
370,帮实资本
371,理成转子新三板权益投资5号基金
372,KKR
373,溪山天使
374,武汉星云矩阵投资控股有限公司
375,海尔创投
376,浙江诸暨智能安防产业基金
377,蓝象资本
378,汉景家族办公室
379,建银投资
380,佛山比特时代伯乐壹号股权投资合伙企业(有限合伙)
381,远东宏信
382,前海深南创投
383,杭州市高科技投资有限公司
384,万丰锦源投资
385,丰年资本
386,新华联控股有限公司
387,中船投资
388,联想之星
389,蓝图创投
390,商裕投资
391,海捷投资
392,联合基金1号新三板基金
393,湖南潇湘致宜
394,粤民投
395,合肥敦勤新能投资中心(有限合伙)
396,上海百富网络信息技术有限公司
397,泰中合投资
398,北京国泰嘉泽创业投资中心(有限合伙)
399,鸿海集团
400,北京华耀山金创业投资合伙企业(有限合伙)
401,中原期货股份有限公司
402,完美世界
403,北京德丰杰龙脉资管
404,瑞鑫资管
405,嘉信元德股权投资基金
406,大连万达
407,凯兴睿进6号体育专项私募基金
408,银河系创投
409,深圳华青一期股权投资基金合伙企业(有限合伙)
410,深圳极星创投
411,北京精进资产
412,超级电
413,众合创投
414,申万菱信(上海)资产管理有限公司
415,德福资本
416,廊坊高科创新创投
417,中清正合科技创投
418,盈科资本
419,探针资本
420,横琴青鼎中泰股权投资基金(有限合伙)
421,杭州厚元投资合伙企业(有限合伙)
422,上海联一投资中心(有限合伙)
423,拉萨源驰投资
424,云南华信润城生物医药产业创业投资基金合伙企业(有限合伙)
425,上海汇勤投资
426,联动天翼
427,天安财产保险股份有限公司
428,杭州星引力创业投资合伙企业(有限合伙)
429,零度资本
430,东方星空投资
431,源科资本
432,中瑞创投
433,宏城创投
434,北京顺为创业投资有限公司
435,一扬嘉德
436,沅渡创投
437,赛富投资基金
438,江苏华睿新三板1号基金
439,InnoVen Capital
440,杭州惠尔森科技有限公司
441,维思资本
442,百盈孵化器
443,锐普文华(天津)投资中心(有限合伙)
444,旭阳控股有限公司
445,共青城中盈富腾投资管理合伙企业(有限合伙)
446,杭州华软投资
447,苏州协立
448,光谷人才基金
449,愉悦资本
450,Qiming Venture Partners II-C
451,陕西金河科技创业投资有限责任公司
452,同鑫能源
453,长江证券股份有限公司
454,零壹资管
455,源星资本
456,和通国际
457,零一创投
458,晟乾投资
459,深圳市领信基石股权投资合伙企业(有限合伙)
460,光大控股
461,鑫星融创投
462,广州越秀诺成六号实业投资合伙企业(有限合伙)
463,宁波梅山保税港区领慧投资合伙企业(有限合伙)
464,明曜投资
465,深圳一创兴晨投资合伙企业(有限合伙)
466,海得泽广
467,厦门群贤汇信投资合伙企业(有限合伙)
468,国是经纬
469,新余诚众棠投资管理中心(有限合伙)
470,深圳凯盈天成
471,极光大数据
472,深圳万联顺泽创业投资中心(有限合伙)
473,宛能实业
474,三禾创投
475,北京金寰投资管理中心(有限合伙)
476,深圳前海君盛紫石创业投资
477,华亿汇志股权投资
478,贝雅亚洲
479,招商财富
480,运满满
481,招商财富资产管理有限公司
482,新毅资产
483,东莞市荣造智造一号投资合伙企业(有限合伙)
484,艾云创管
485,广州基金
486,木华资本
487,软银中国
488,宁波思得投资
489,人民网
490,招银国际
491,中海达
492,北京中富
493,汇发中国基金
494,东莞市三藏坚石股权投资企业(有限合伙)
495,立元创投
496,大华银行
497,无锡苏民高科投
498,亦庄国际投资
499,新余市博尔丰投资管理中心(有限合伙)
500,坤业贸易
501,上海上国投资产管理有限公司
502,望桥资本
503,厚朴实业
504,科源投资
505,南京瑞联一号投资中心(有限合伙)
506,北京雨韵和丰创投
507,龙城富通
508,深圳君盛蓝湾投资企业(有限合伙)
509,申能诚毅
510,杭州凯复云度投资合伙企业(有限合伙)
511,邦信资产管理有限公司
512,成都高投创业投资有限公司
513,中金公司
514,鸿海集团Foxconn
515,盈风万润深圳创业投资中心(有限合伙)
516,千乘资本
517,上海创瑞
518,中电中金
519,华鼎资本北京
520,华西金智投资
521,诚道天华资本
522,宁波映记
523,深圳前海久安恩倍
524,国发股权基金
525,北京金拓资本
526,瑞丰基金
527,腾讯投资
528,山东融裕金谷创业投资有限公司
529,宁波人保远望二期投资中心(有限合伙)
530,晟和元资产
531,联创易富投资
532,北京明德博雅投资管理有限公司
533,中电健康基金
534,上海天适新股权投资中心(有限合伙)
535,海泉基金
536,南京捷源投资
537,武汉科投
538,华夏君悦
539,国新央企运营(广州)投资基金(有限合伙)
540,八二五新媒体产业基金
541,森马服饰
542,大恒战新产业
543,浙商产融
544,汇通天下
545,松江创投
546,成创投
547,盛景嘉成母基金
548,金永信投资
549,银华基金管理股份有限公司
550,山蓝资本
551,格安达(北京)资产管理有限公司-格安达创投私募基金一号
552,华昌资产管理有限公司
553,中银国际投资
554,Plug and Play
555,奇瑞汽车股份有限公司
556,中银国际投资有限责任公司
557,道达尔
558,源德汇金创投
559,华夏幸福北京投资
560,科金控股
561,达孜东方高圣秋实资产
562,鑫盛汇股权投资
563,老鹰基金
564,金砖丝路(深圳)股权投资合伙企业(有限合伙)
565,启迪科服投资北京
566,华人文化产业基金
567,青松基金
568,北京采思投资
569,沃肯有米新三板基金
570,天图资本
571,中海投资
572,朗江创投
573,上海火山石投资合伙企业
574,小乘登陆新三板
575,宁波梅山保税港区合勤同道股权投资合伙企业(有限合伙)
576,君润创投
577,科润创投
578,嘉盛兴业投资
579,南通百淼
580,银川育成凤凰科创基金合伙企业(有限合伙)
581,金海胜创投
582,曼图资本
583,新三板证券投资基金深圳市远致创业投资有限公司
584,科祥股权投资
585,娱乐工场
586,新同方投资
587,韩亚金融集团
588,杭州朝阳基金
589,明业沃成
590,招银股权投资
591,东海岸投资
592,成都蓉兴创业投资有限公司
593,宁波鼎锋明道投资管理合伙企业(有限合伙)(代表:鼎锋明道钜派新三板1号基金)
594,DCM资本
595,联德创投
596,菜鸟网络
597,金陀罗飞龙3号证券投资基金
598,春华资本Primavera
599,君丰资本
600,武汉众邦资产管理有限公司
601,东方富海(芜湖)
602,粤商创投
603,泉源合
604,国投创新
605,北京明德博雅投资
606,珪璋善微投资
607,索斯福投资
608,泰豪晟大投资
609,科学城投资
610,九阳股份
611,Withinlink碚曦投资
612,元泓创投
613,东证资本
614,道生福建投资
615,国家集成电路产业投资基金
616,高通投资
617,重庆文创基金
618,高小英
619,虎丘医疗
620,诺基亚
621,博时资本管理有限公司
622,力合创投
623,聚卓资本
624,明势资本
625,微软加速器
626,芜湖建信鼎信投资管理中心(有限合伙)
627,上海数字产业集团
628,淮安天泉成长型产投
629,杭州财通尤创创业投资合伙企业(有限合伙)
630,东方弘道资本
631,东莞市融易中以创业投资合伙企业(有限合伙)
632,华立集团
633,华睿点石
634,苏州华研投资
635,上海永宣
636,新天域资本
637,珠海中兵广发投资基金合伙企业(有限合伙)
638,浙商资本
639,力合清源
640,鼎晖源霖股权投资
641,方正证券股份有限公司
642,金鼎投资
643,智汇基金
644,广州证券新兴1号集合资产管理计划
645,深圳华睿信泰投资
646,力合科创(力合创投)
647,新世界集团
648,证大投资
649,昌平科技产业母基金
650,森阳银瑞
651,众为资本
652,宁波鼎锋明德正心投资合伙企业(有限合伙)
653,深圳市藤信产业投资企业(有限合伙)
654,布朗什维克基金
655,DMS国际体育创始人王萱
656,博裕投资
657,苏州创投引导金
658,建信基金
659,苏州高新创投太湖金谷资管
660,西藏瑞华资本管理有限公司
661,胡润百富
662,北京益保伟业科技有限公司
663,立讯精密
664,中国互联网投资
665,上海斯考安集创业投资中心(有限合伙)
666,华宝兴业基金管理有限公司
667,珞珈创新天使基金
668,长沙麓谷高新创投
669,雅戈尔投资
670,地山股权投资
671,深圳前海君川投资
672,沨华资本
673,霍尔果斯顺天华盈股权投资合伙企业(有限合伙)
674,共青城宁磊投资管理合伙企业(有限合伙)
675,城市传奇
676,盖亚投资
677,执一创见投资管理
678,工银瑞信
679,中广互联
680,同创创投
681,恒运盛投资
682,隆华汇投资
683,山东联合企业管理有限公司
684,科锐创投
685,东方国信
686,SK中国资本
687,华信润城投资
688,易方达资产-海通创新-新三板专项资产管理计划(管理人:易方达资产管理有限公司)
689,甘肃省战略性新兴产业创业投资引导基金
690,青岛嘉鸿壹号创业投资基金企业(有限合伙)
691,中山证券新三板精选1号集合资产管理计划
692,深圳昆仲元昕股权投资合伙企业(有限合伙)
693,雅利投资
694,南京毅达投资
695,深圳久安佳乐股权投资企业(有限合伙)
696,上汽投资
697,天治基金管理有限公司
698,多盈投资
699,太平资产
700,天善资本
701,昆吾九鼎投资
702,清控水木投资
703,湖南三森投资有限公司
704,君岳投资
705,北京诚明汇投资管理中心(有限合伙)
706,星火金融
707,弘晖资本
708,君重资产
709,泽贤投资
710,万科集团
711,汇添富基金管理股份有限公司
712,江苏海州湾
713,初创投资
714,武汉力天盛世科技发展有限公司
715,Top Grove
716,海汇投资
717,深圳市中广核汇联二号新能源股权投资合伙企业(有限合伙)
718,方向投资
719,中国人寿大健康基金
720,座头鲸旅行
721,湖南高新投
722,利欧股份
723,华安未来资产
724,中加基金管理有限公司
725,苏州泓瑞通股权投资合伙企业(有限合伙)
726,宁夏盛世博瑞投资合伙企业(有限合伙)
727,万向创业投资股份有限公司
728,平阳源泉投资合伙企业(有限合伙)
729,宇鑫九鼎
730,天使百人会
731,仰华企业
732,北京泰生
733,中联华杰科技有限公司
734,嘉实投资-嘉实基金
735,清新资本
736,创业接力基金
737,鼎心资本
738,恒瑞隆投资
739,华兴新经济基金
740,招商银行
741,北汽产业投资基金
742,中信资本(天津)
743,魅族科技
744,申万菱信基金管理有限公司
745,红桥创投
746,慧聪网
747,江苏华睿
748,赛富动势投资
749,华成华利创投
750,谌朴守仁投资管理
751,上海湖杉
752,苏宁易购
753,翰潭投资
754,东湖百兴
755,青岛拥湾
756,兆韧投资
757,宁波梅山保税港区武当源投资有限公司
758,汇臻资本管理(深圳)合伙企业(有限合伙)
759,IBM中国
760,浪潮软件集团有限公司
761,青岛华资达信创业投资有限公司
762,智盈汇融投资管理(北京)有限公司
763,粤财资产
764,国投创新投资管理有限公司
765,旭日东升投资
766,华东电子工程研究所
767,国民信托有限公司-国民信托-北京长城华冠单一资金信托
768,谷银国际投资基金
769,SK海力士
770,西藏昆吾九鼎
771,中国银行
772,吉富创投
773,混沌投资
774,成都技术转移集团
775,泰达宏利基金
776,源石资本
777,广东华美国际投资集团有限公司
778,诚承投资
779,林芝腾讯
780,中金甲子
781,银杏谷资本
782,辰海资本
783,新余市励唐会智投资管理中心(有限合伙)
784,鼎聚投资
785,LB投资(LB Investment)
786,华创证券有限责任公司
787,三鑫医疗
788,深圳前海信义一德
789,三行资本
790,启迪科服投资管理(北京)有限公司
791,荆门汇盈兴和股权投资合伙企业(有限合伙)
792,万容资本
793,华科创投
794,旗银创投
795,保利资本
796,华岩资本
797,深圳朗泽稳健一号产学研投资合伙企业(有限合伙)
798,北京朗玛峰创业投资管理有限公司
799,北京基石基金
800,仙瞳资本
801,湖北幸福垸实业集团有限公司
802,国泰君安
803,珠海创钰铭启股权投资基金企业(有限合伙)
804,宁波挚信一期股权投资合伙企业(有限合伙)
805,南京高科
806,青岛鼎源资产管理有限公司
807,北京高达同道投资
808,上海航天工业(集团)有限公司
809,福建合晖投资管理有限公司
810,上海鲸狮投资
811,浦发银行
812,长沙市科技风险投资管理有限公司
813,黄金创投
814,山西吉昌投资有限公司
815,浙江省华浙实业开发有限责任公司
816,中通银莱
817,北京富源恒业投资有限责任公司
818,珞珈梧桐创投
819,歌石投资
820,强生控股
821,十方创投
822,国开博裕
823,鄞州钰华
824,动平衡资本
825,光大保德信基金-宁波银行-新三板1号资产管理计划
826,蚂蚁金服
827,厚生投资
828,联讯证券股份有限公司
829,宁波天使引导基金
830,海南省信息产业投资
831,上海海通数媒创业投资管理中心
832,住友商事
833,中财投资
834,浙科投资
835,百度投资部
836,中原股权投资管理有限公司
837,南京理索纳投资管理有限公司
838,龙磐投资
839,德茂资本
840,旺根投资
841,天辰明达
842,银河吉星创投
843,杭州信传股权投资合伙企业(有限合伙)
844,威海市大有正颐创业投资有限公司
845,浙江喜大投资管理
846,诚禧投资
847,赣州市熠石股权投资中心(有限合伙)
848,宁波梅山保税港区晟骐汇智股权投资合伙企业(有限合伙)
849,原龙投资
850,绿地控股
851,国科正道
852,投控东海投资
853,浙江春芽资本管理有限公司
854,红杉畅盛投资
855,上海万融投资
856,中投勤奋资本
857,中物创投
858,惠州雷士光电科技有限公司
859,微软创投
860,上海循溪
861,众富投资
862,洪泰基金Aplus
863,稳正资产
864,任子行
865,睿鑫资本
866,摩根士丹利(中国)
867,凯银投资
868,诚毅投资
869,广东温氏投资有限公司
870,TR Capital
871,深圳熔岩投资
872,金元顺安基金
873,上海清科创投
874,维新力特投资
875,CICFH娱乐机会
876,闻名投资
877,嘉兴红杉坤盛投资
878,中国银河投资管理有限公司
879,浙江成长文化股权投资
880,中卫基金
881,融拓基金
882,河北科投
883,长城嘉信(1500万)
884,合宏投资
885,万兴科技
886,投资者
887,科创弘源
888,创新证券
889,杭州启征投资
890,杭州赛伯乐晨星投资合伙企业(有限合伙)
891,宁波万乘灌铁骑投资
892,初灵信息
893,NEA恩颐投资
894,上海成善股权投资合伙企业(有限合伙)
895,金浦鹏源基金
896,中信证券投资有限公司
897,用友网络
898,高通风险投资
899,五岳元航资产
900,太平洋证券
901,深圳前海互由投资管理有限公司
902,国投资本
903,华联长山兴
904,首业君京
905,贵州鼎信博成投资管理有限公司
906,勤晟泓鹏价值证券投资基金
907,北京世纪天泰投资有限公司
908,合兴基金
909,东方国狮
910,嘉兴越晖股权投资合伙企业(有限合伙)
911,嘉实投资
912,尚势资本
913,星河互联
914,铱资本
915,高瓴资本
916,中广投资
917,西藏雲祺
918,鹏华资产
919,嘉兴源荣投资管理合伙企业(有限合伙)
920,三泽创投
921,合肥科创
922,赛马资本
923,国泰君安创新投
924,中证信资管深圳
925,红土智为厦门投资
926,Dasarna
927,瑞业投资
928,前海琥珀永裕投资
929,瑞阳基金
930,四川省知识产权运营基金
931,深安云服
932,上海光大金控
933,发现创投
934,北京芯动能投资基金(有限合伙)
935,磐谷创投
936,联想(北京)有限公司
937,京东金融
938,浙江财通创新投资
939,北京东方励诚投资基金管理有限公司
940,银江股份(银江资本)
941,天津天信股权投资合伙企业(有限合伙)
942,北京瑞鑫资管
943,北京和聚投资管理有限公司
944,金冠邦投资
945,天津滨河汇鼎信息技术合伙企业(有限合伙)
946,安徽国富产业投资基金管理有限公司
947,惠通高创
948,Health Pharma Investment Limited
949,海宁国安精进股权投资合伙企业(有限合伙)
950,北京车联网产业发展基金
951,星汉医药投资
952,北京光荣联盟半导体照明产业投资中心(有限合伙)
953,苏州融联创业投资企业(有限合伙)
954,宿迁德韬投资
955,Advantech Capital Investment
956,青岛一瑞投资管理有限公司
957,北京亚杰商汇
958,珠海清华科技园创投
959,通联资本
960,湖州尤创投资管理合伙企业(有限合伙)
961,慧全投资
962,加拿大养老金直投
963,武汉武水管理咨询有限公司
964,汇寅投资
965,上海金浦创新投资
966,时代出版
967,浙江浙商证券资产管理有限公司
968,苏州维新仲华创业投资合伙企业(有限合伙)
969,无锡金茂惠山医疗健康产业投资合伙企业(有限合伙)
970,新创建集团
971,国泰创投
972,宁波同创伟业
973,创丰资本
974,新华沣裕
975,奥博创投
976,中广核财务有限责任公司
977,兴证兴杭股权投资
978,麦顿投资
979,京基资本
980,珠海市神之华一期投资中心(有限合伙)
981,启航投资管理
982,经世投资
983,新鸿基
984,新余金鼎惠投资管理中心(有限合伙)
985,首誉光控资产管理有限公司
986,国中创投
987,上海歌斐惟朴股权投资中心(有限合伙)
988,杭州润琰投资合伙企业(有限合伙)
989,协同创新投资
990,前海汇睿投资
991,泰星石化
992,真格基金
993,中投长春创投
994,杭州英选投资合伙企业(有限合伙)
995,国投瑞银基金管理有限公司
996,百秦易合(北京)资产管理有限公司-百泰易合1号投资基金
997,泰邦创投
998,通用技术创业投资
999,东莞市金鸿盛电器有限公司
1000,广东雪莱特大宇产业并购基金合伙企业(有限合伙)
1001,Richway
1002,湖畔山南资本
1003,嘉兴豪真投资合伙企业(有限合伙)
1004,珠海广发信德新界泵业产业投资基金(有限合伙)
1005,德宝股权投资
1006,信业宏益投资
1007,里程碑创投
1008,伙伴创投
1009,上海赛领博达科电投资管理中心(有限合伙)
1010,智基创投
1011,山东京德资产
1012,博世集团
1013,"宁波鼎锋明道投资管理合伙企业(有限合伙)(代表“鼎锋明道新三板汇联基金"")"
1014,华兴基金
1015,北京合昌股权投资合伙企业(有限合伙)
1016,中山证券新三板精选2号集合资产管理计划
1017,金洪丰泽投资
1018,苏州工业园区元禾重元并购股权投资基金合伙企业(有限合伙)
1019,苏州嘉鹏九鼎投资中心(有限合伙)
1020,浙大联创投资
1021,嘉兴稳弘十五号投资合伙企业(有限合伙)
1022,宁波梅山保税港区永慈股权投资合伙企业(有限合伙)
1023,泓亿商务
1024,深圳前海众微资本
1025,天津普思一号资产管理合伙企业(有限合伙)
1026,中国电子信息产业集团有限公司
1027,香港查氏家族基金
1028,金库资本
1029,硅谷天堂
1030,英飞尼迪Infinity
1031,赛智科创
1032,达于行科技
1033,苏州冠亚投资
1034,安徽同华投资
1035,海通新能源
1036,深圳力合泓鑫创业投资合伙企业(有限合伙)
1037,中经合鲁信
1038,韦博科技
1039,深圳点亮镜湖投资
1040,浩峰投资
1041,深圳市哲灵投资管理有限公司(哲灵新三板1号基金)
1042,亘奎医疗科技
1043,张文龙
1044,东吴创新资本管理有限责任公司
1045,福建省国企改革重组投资基金(有限合伙)
1046,中国平安
1047,厚扬方盛
1048,北京博钰城投资有限公司
1049,镇江领军人才创新创业股权投资有限公司
1050,尚颀资本
1051,深圳前海鑫秀股权投资管理中心(有限合伙)
1052,中值资本
1053,瑞德智能
1054,泓融投资
1055,苏州易联资本
1056,浙江汇孚资管
1057,龙城国际
1058,杭州安丰上盈创业投资合伙企业(有限合伙)
1059,太盟投资集团(PAG)
1060,陕西鸿创
1061,青岛海尔创业投资有限责任公司
1062,长安私人资本
1063,华金资本
1064,天津智博源科技发展有限公司
1065,同方计算机有限公司
1066,真成投资
1067,盈信德诚
1068,中洲创投
1069,彬复资本
1070,德之青投资
1071,上海旌卓
1072,德丰杰
1073,宁波梅山保税港区永众股权投资合伙企业(有限合伙)
1074,常荣创投
1075,腾讯产业共赢基金
1076,广州产业投资基金
1077,凯欣创投
1078,七海资本
1079,上海合鲸乐宜投顾
1080,北京元投资管
1081,国坤财子金基金
1082,苏州国发新兴产业创业投资企业(有限合伙)
1083,永联胜国际投资
1084,深圳昀润创新投资合伙企业(有限合伙)
1085,深圳富海投资有限公司
1086,上海南翔创投
1087,宁波隆越股权投资有限公司
1088,苏州聚新中小科技创业投资企业(有限合伙)
1089,常州投资集团
1090,江苏新华沣裕资本管理有限公司
1091,杭州城市通卡有限公司
1092,中科乐创
1093,东方国际上海
1094,金凤凰投资
1095,御乾投资
1096,开发国际
1097,伯乐纵横
1098,远望资本
1099,东方证券
1100,苏州海富投资
1101,融玺创投
1102,银丰融金北京投资
1103,芜湖鼎证伍号投资中心(有限合伙)
1104,上清投资
1105,上海兴畔投资咨询
1106,融易分享创投
1107,武汉亘星投资有限公司
1108,西藏金缘
1109,银河投资
1110,亿盾投资
1111,建信(北京)投资基金管理
1112,苏州智朗
1113,大有投资
1114,兴富资本
1115,深圳前海乐合弘信资本管理有限公司
1116,北京方壶亨通创业投资中心(有限合伙)
1117,成都市技术转移集团
1118,黑龙江省科力高科技产业投资有限公司
1119,国信君安创投
1120,博将资本
1121,德锐股投
1122,卡塔尔投资局
1123,恒健投资
1124,势安资本
1125,卓佳汇智创投
1126,迈思投资
1127,海富基金管理公司
1128,北汽产投
1129,厦门金财产业发展有限公司
1130,巨人网络
1131,谐云科技
1132,星河控股集团
1133,中国信达资产
1134,盛世资本
1135,玄镜资产管理
1136,人保远望
1137,嘉兴山楂树茂实股权投资合伙企业(有限合伙)
1138,优普投资
1139,福宁投资
1140,Astrend Incubaror IV
1141,陈敦原
1142,上海云毅衷投资管理中心(有限合伙)
1143,中国风险投资有限公司
1144,浙商证券资管-国泰君安-浙商金惠新三板启航3号集合资产管理计划
1145,联科创投
1146,鼎锋海川
1147,硅谷天使创投
1148,上海盈之和信息科技有限公司
1149,伽利略青岛投资
1150,道生投资
1151,鼎润天成
1152,农银国际苏州公司
1153,元璟资本
1154,美的集团
1155,杭州大头投资
1156,阳明投资管理
1157,纵联资本
1158,浙江升华控股集团有限公司
1159,湖州赛润股权投资合伙企业(有限合伙)
1160,广东红土创业投资有限公司
1161,锴明投资
1162,蚂蚁金服(阿里巴巴)
1163,北京红马天安投资有限公司
1164,安龙基金
1165,光荣资产
1166,润杨集团
1167,九泰基金-恒天财富新三板1号资产管理计划(管理人:九泰基金管理有限公司)
1168,瀚丰资本
1169,京东众创
1170,鲁嘉信创业投资
1171,金玖锐信
1172,廊坊冀财新毅创业引导股权投资基金(有限合伙)
1173,合肥中安庐阳创业投资基金合伙企业(有限合伙)
1174,理成资产
1175,高能资本
1176,国安投资
1177,同创伟业
1178,中信证券
1179,融风投资
1180,太平洋人寿保险
1181,水木创投
1182,东莞三藏资管
1183,常州国辉创投
1184,宁波汇鼎基石投资
1185,前海梧桐并购基金
1186,麦达数字
1187,贵阳富禾投资
1188,凯得创投
1189,安赐资本
1190,景贤投资
1191,五矿证券有限责任公司
1192,北控中科成环保集团有限公司
1193,宁波宽客御享投资合伙企业(有限合伙)
1194,西藏林芝清创资产管理有限公司
1195,杭州九纳投资合伙企业(有限合伙)
1196,中经合
1197,汉富控股
1198,镇江国有投资控股集团有限公司
1199,西安中科创星科技孵化器有限公司
1200,悦达资产
1201,楚商创投
1202,珠海市中观乾明投资管理有限公司
1203,威学教育
1204,华富嘉业
1205,湖北省国有资本运营有限公司
1206,宁波中金富盈股权投资合伙企业(有限合伙)
1207,北京中海绿色投资管理中心(有限合伙)
1208,苏州市吴江创迅创业投资有限公司
1209,杨凌香源股权投资管理中心(有限合伙)
1210,General Atlantic泛大西洋投资
1211,森旭资产
1212,红土创新基金管理有限公司
1213,凤凰传媒
1214,博丰创投
1215,一方投资
1216,澜峰资本
1217,石峰伟
1218,华夏资本管理有限公司-新三板聚宝1号专项资产管理计划
1219,浙商创投股份有限公司
1220,杭州原动力资产
1221,巅峰智业
1222,汉能投资集团
1223,浩信达投资
1224,K11 Investment
1225,工银国际
1226,安亭实业
1227,康瑞通投资
1228,中证大道
1229,共青城京信嘉隆投资管理合伙企业(有限合伙)
1230,南通国信君安创业投资有限公司
1231,嘉实资本
1232,聚坤投资
1233,Image Frame Investment (HK)
1234,华创智业投资
1235,西证创新投资有限公司
1236,新余天宜尚佳投资管理中心(有限合伙)
1237,苏州橙芯创投
1238,德同(上海)股权投资
1239,同和股权投资
1240,优选资本管理有限公司
1241,美团点评
1242,嘉实投资管理
1243,二六三
1244,中山证券有限责任公司
1245,兵工财务有限责任公司
1246,富达投资Fidelity Investments
1247,鹏华资产管理有限公司
1248,光速中国
1249,概念资本
1250,宁波艾莫投资
1251,软银天赋创投
1252,鼎晖投资
1253,华融国际信托有限责任公司
1254,华金证券
1255,复星同浩
1256,同创锦绣
1257,江苏虎甲投资有限公司
1258,万联证券
1259,连克俭
1260,恒健资本
1261,清水湾香港创投
1262,航天投资
1263,中业环保
1264,中小微企业产业投资基金
1265,士兰创投
1266,埃泰克汽车电子(芜湖)有限公司
1267,深圳东方君源资产
1268,全经联
1269,同方金融控股(深圳)有限公司
1270,起源资本
1271,博得创富
1272,杉杉望新科技创投
1273,华芯创原
1274,湖北长江航天产业投资基金合伙企业(有限合伙)
1275,平安养老保险股份有限公司
1276,嘉和融通创投
1277,中华开发资本
1278,华夏资本管理有限公司-新三板聚宝2号专项资产管理计划
1279,宁波梅山保税港区云卓投资合伙企业(有限合伙)
1280,中国银河证券股份有限公司
1281,苏州工业园区启明融创股权投资合伙企业(有限合伙)
1282,钛信资本
1283,港银创投
1284,启迪桑德创业投资
1285,广州晶恩电子科技有限公司
1286,苏州启元股权投资管理
1287,韩国现代汽车
1288,常州睿泰创投
1289,中创富投资
1290,坚果创投
1291,广发乾和
1292,快手科技
1293,追梦者基金暨创新谷
1294,大蓝筹
1295,榕安投资
1296,腾新投资
1297,西藏自治区投资
1298,泰德基业
1299,北京领晖嘉瑞投资合伙企业(有限合伙)
1300,劲邦资本
1301,宏升投资
1302,深圳中韩产业投资基金
1303,猎豹安全浏览器
1304,红土智能创投
1305,东方嘉富
1306,上投摩根基金管理有限公司-上投摩根新三板2号资产管理计划
1307,盐城东方投资开发集团有限公司
1308,现代摩比斯
1309,长丰信达创投
1310,国发创投
1311,烟台钧石投资有限责任公司
1312,北京华泰新产业成长投资基金(有限合伙)
1313,依图科技
1314,泓御资本
1315,湖北当代高投创业投资基金合伙企业(有限合伙)
1316,和利创投
1317,河南华夏海纳源禾小微企业创业投资基金(有限合伙)
1318,以太资本
1319,西湖电子集团有限公司
1320,福鹏资产
1321,北后谊久
1322,福建省创新投资
1323,四川发展股权投资
1324,和谐资本
1325,广华基金
1326,元年投资
1327,丰祥国际资本集团
1328,无锡国联领翔中小企业成长投资中心(有限合伙)
1329,杉华投资
1330,英飞尼迪创投
1331,普凯投资基金
1332,孚威创投
1333,北京四维天盛投资
1334,嘉兴金琥十号投资合伙企业(有限合伙)
1335,恒邦资本
1336,弘晖投资
1337,南京道丰
1338,道彤投资
1339,光大常春藤
1340,高登博睿
1341,宁波梅山保税港区格局投资合伙企业(有限合伙)
1342,深圳市福沃德投资有限公司
1343,霍尔果斯顺天仁达股权投资合伙企业(有限合伙)
1344,北京东方卓永投资管理有限公司
1345,嘉兴武岳峰投资
1346,华融证券股份有限公司
1347,加华资本
1348,中国诚通
1349,天鹰投资
1350,汇添富
1351,深圳市嘉仁源联合投资管理企业(有限合伙)
1352,易津资本
1353,科鑫资本
1354,信德医疗资本
1355,博冀胜泰
1356,九仁资本
1357,杭州点铁汽车零部件有限公司
1358,江苏南通沿海新兴产业投资基金(有限合伙)
1359,北京洛可可投资
1360,倍融投资
1361,国家中小企业发展基金
1362,苏州名城创投
1363,浙江浙商产融控股有限公司
1364,中天引控科技股份有限公司
1365,十维资本
1366,国寿成达(上海)健康产业股权投资中心(有限合伙)
1367,新时代证券股份有限公司
1368,天奇阿米巴基金
1369,廊坊益田投资开发有限公司
1370,珠海市中投勤奋壹号股权投资基金(有限合伙)
1371,深圳恒泰资本
1372,蕃茄投资
1373,新企创投
1374,华安证券股份有限公司
1375,首都水环境治理技术创新及产业发展(北京)基金(有限合伙)
1376,宁海新金沙江投资
1377,新疆盛世灵金股权投资合伙企业(有限合伙)
1378,置立方投资
1379,兴湘投资
1380,北京盛世欧亚控股有限公司
1381,亚商盈泰创投
1382,创金资本
1383,无锡中证鼎诚股权投资基金合伙企业(有限合伙)
1384,镇江银河创业投资有限公司
1385,国寿大健康基金
1386,融汇资本
1387,广东优势易盛创投
1388,南联创投
1389,Cherubic Ventures心元资本
1390,启航基金
1391,大米创投
1392,兴全基金
1393,上创新微
1394,深圳鹏德创投
1395,第一创业
1396,常州市新发展实业公司
1397,淮泊方舟投资
1398,云鼎祥润投资
1399,威创股份
1400,文轩股权
1401,菜鸟供应链
1402,长兴龙蠡旭日投资合伙企业(有限合伙)
1403,湖北农谷投资管理有限公司
1404,江苏高科投
1405,广州盈锭产业投资基金合伙企业(有限合伙)
1406,顺为资本
1407,量子资本
1408,东兴证券股份有限公司
1409,青岛润航
1410,物明投资
1411,天堂硅谷
1412,北京九商管理咨询有限公司
1413,博宁资本
1414,上海美灏投资管理有限公司
1415,利驰投资
1416,金华市普华百川股权投资合伙企业(有限合伙)
1417,余杭基金
1418,瑞高集团
1419,东湖天使基金
1420,善学至上基金
1421,北信瑞丰基金管理有限公司-北信瑞丰基金国联迎睿新三板1号资产管理计划
1422,北京凯金阿尔法资产管理中心(有限合伙)
1423,磐霖资本
1424,江苏省高科技产业投资股份有限公司
1425,上海龙灏投资合伙企业(有限合伙)
1426,浙江赛盛投资合伙企业(有限合伙)
1427,Neoplux
1428,朗泰传富投资(深圳)合伙企业(有限合伙)
1429,挑战者资本
1430,江苏中茂节能环保产业创业投资基金合伙企业(有限合伙)
1431,吕一闻
1432,中金汇财
1433,百合永生投资
1434,易细资本
1435,苏州工业园区康力机器人产业投资有限公司
1436,共青城嘉志投资管理合伙企业(有限合伙)
1437,长沙斯坦投资管理合伙企业(有限合伙)
1438,鼎晟天平投资
1439,浙江恒晋同盛创业投资合伙企业(有限合伙)
1440,共青城恒大互联网产业投资中心(有限合伙)
1441,浚泉信投
1442,盛港投资
1443,九州证券有限公司
1444,上海三星半导体有限公司
1445,明珏智远资本
1446,京西创投(首钢基金)
1447,安信乾宏
1448,源渡创投
1449,光大三山创投
1450,天津睿德信资产
1451,东吴创投
1452,卓易科技
1453,张江科创
1454,杭州滨创股权投资
1455,汇智创业
1456,兴证创富
1457,国嘉创投
1458,长江小米基金
1459,广发证券
1460,亚商资本
1461,无锡金瑞海
1462,嘉兴云启网加创业投资合伙企业(有限合伙)
1463,国新投资
1464,中科院科技成果转化基金
1465,徽瑾创投
1466,安省教师退休金计划
1467,上海诚鼎德同股权投资基金有限公司
1468,壹二Somewhats
1469,长润资产
1470,好未来
1471,微鲸科技
1472,浙江致朴投资管理有限公司
1473,宁波市科发股权投资基金合伙企业(有限合伙)
1474,胡泽民
1475,深圳市银桦投资管理有限公司-银桦新三板6号基金
1476,凯石投资
1477,城市传媒
1478,Corning
1479,赛天投资
1480,百联集团有限公司
1481,天融博汇资本
1482,中投世银(北京)投资管理有限公司
1483,财富证券有限责任公司
1484,金禾新材
1485,道杰资本
1486,创维集团
1487,文广股权投资
1488,云南工投
1489,华登国际投资
1490,北京创信创业投资合伙企业(有限合伙)
1491,北京臻云智能创业投资有限公司
1492,湖南省中小微企业产业投资成长基金企业(有限合伙)
1493,招商科技
1494,深圳霖枫投资咨询有限公司
1495,银杏华清投资基金
1496,林芝利创
1497,中信农业基金
1498,加拿大养老基金
1499,Sofina SA
1500,云锋基金
1501,南京烽火星空通信发展有限公司
1502,富德资本
1503,泛海投资
1504,智汇创投
1505,中关村创投
1506,臻云创投(臻云智能)
1507,百民实业
1508,宜达投资
1509,中南矿业发展有限公司
1510,靖亚资本
1511,贝越实业
1512,在册股东
1513,纽信创投
1514,深圳投控
1515,共青城莱曼投资管理合伙企业
1516,湖州泓创投资
1517,宽睿科技
1518,深圳清华高盛创投
1519,首正泽富
1520,中粮农业产业基金
1521,安赐投资
1522,承达投资
1523,大成创新资本-东证锦信2号-新三板精选资产管理计划
1524,关天西咸
1525,山楂树投资
1526,广金基金
1527,志拙资本
1528,上海至坤资产管理有限公司-至坤一号私募证券投资基金
1529,分众传媒
1530,久银控股
1531,上海证券有限责任公司
1532,中关村启航基金
1533,合肥兴泰光电智能创业投资有限公司
1534,长江蔚来股权投资
1535,京北投资
1536,兰璞资本
1537,晟道投资
1538,一村资本
1539,萧山经济技术开发区创投
1540,姜英豪
1541,诺基亚成长伙伴基金
1542,晨兴资本
1543,瓯联创投
1544,广发乾和投资有限公司
1545,杭州和盟和你投资管理有限公司
1546,沈阳盈泰万通汽车贸易有限公司
1547,张江高科
1548,深圳市华信睿诚创业投资中心(有限合伙)
1549,真格天地投资
1550,武岳峰资本
1551,国际资管
1552,新疆金泉投资
1553,珠海瑞智炜格投资
1554,风和投资
1555,考拉基金(拉卡拉)
1556,诺德基金管理有限公司
1557,弘湾资本
1558,元禾控股
1559,深圳帕拉丁投资
1560,共青城胜恒投资
1561,成都天齐锂业
1562,锐晟企业管理
1563,StarVC
1564,国盛集团投资
1565,泥巴创客空间
1566,北京九三投资管理有限公司-杭州咸平久杉投资合伙企业(有限合伙)
1567,威海南海保利科技防务投资中心(有限合伙)
1568,金元百利华信成长新动力1号专项资产管理计划
1569,华鹏飞
1570,上海通晟资产管理有限公司
1571,中融基金管理
1572,安徽德众置业投资
1573,宁波铂润恒投资管理合伙企业(有限合伙)
1574,银河创新资本
1575,杭州汉理前秀创业投资合伙企业(有限合伙)
1576,平安证券有限责任公司
1577,点亮(天津)
1578,科学城集团
1579,国润财富
1580,杭州捷尚投资管理有限公司
1581,上海国阳财富投资管理有限公司
1582,聚卓投资
1583,中国航空油料集团有限公司
1584,方创资本
1585,华鑫宽众
1586,前海裕盛资产
1587,明道投资
1588,成都弘宇
1589,上海普罗股权投资
1590,华夏天元
1591,上海常春藤资产管理有限公司
1592,创新资本
1593,贝森资本
1594,美的置业
1595,深圳市加法壹号创业投资合伙企业(有限合伙)
1596,广东信中利投资
1597,景隆投资
1598,昌发展
1599,中国国有资本风险投资基金(国风投基金)
1600,南通金玖惠通五期创业投资基金合伙企业(有限合伙)
1601,鸿博资本管理
1602,百富源投资
1603,南京互仁工贸
1604,泰康资产管理
1605,上创信德
1606,北京熙信开元股权投资中心(有限合伙)
1607,朗玛峰创业
1608,深圳明曜一期股权投资基金合伙企业(有限合伙)
1609,北京普信联盈资本管理有限公司
1610,中信银行
1611,深圳中植产投新能源投资合伙企业(有限合伙)
1612,美高森美通信科技
1613,360天擎
1614,浙江有象科技有限公司
1615,宽华新三板优选8号基金(管理人:杭州宽客财富投资管理有限公司)
1616,易德信投资
1617,趵朴投资
1618,爱信投资
1619,景旭创投
1620,建德市乾盈股权投资基金合伙企业(有限合伙)
1621,亦庄控股
1622,远致投资
1623,麦星资本
1624,远翼投资
1625,昆仲元明
1626,上海电气(集团)总公司
1627,中民金服
1628,新疆金泉股权投资管理有限公司
1629,中国钢研科技集团有限公司
1630,华兴创投
1631,鑫沅投资
1632,AA投资
1633,易果生鲜
1634,长江创投
1635,深圳任君资管
1636,新余北岸技术服务中心(有限合伙)
1637,招商证券资产管理有限公司(代招商智远新三板3号集合资产管理计划)
1638,苏州泰弘景晖投资中心(有限合伙)
1639,上海鼎晖孚舜投资
1640,惠达绿居基金
1641,阿布扎比投资局
1642,千采壹号(象山)股权投资合伙企业(有限合伙)
1643,赫斯特Hearst Ventures
1644,歌斐资产
1645,诚筑投资
1646,鸿祚投资
1647,天津聚信股权投资合伙企业(有限合伙)
1648,黑马致通投资
1649,创客100基金
1650,宁波梅山保税港区永兴世康投资管理合伙企业(有限合伙)
1651,丽水市金融投资
1652,龙岩汇金创投
1653,深圳道合科技投资
1654,东弘股权投资基金
1655,浙江善平投资
1656,特尔佳
1657,财富摩根
1658,深圳前海宜涛资产
1659,真金创投
1660,微光创投
1661,紫辉创投
1662,朗玛峰创投
1663,嘉兴华控股权投资基金合伙企业(有限合伙)
1664,中持水务股份有限公司
1665,京都汇能
1666,华峰资本
1667,大连海融高新创业投资管理有限公司
1668,海通证券
1669,远通汽车
1670,鑫惠创投
1671,众海投资
1672,广华创业投资
1673,慧眼投资
1674,创赛基金投资
1675,芜湖风投
1676,华融汇通资产管理有限公司
1677,南京广丰投资管理中心(普通合伙)
1678,北京君联成业股权投资合伙企业(有限合伙)
1679,中兴合创
1680,北京凤博汇鑫投资中心(有限合伙)
1681,比特米基金
1682,西藏国科嘉和投资
1683,金骏投资
1684,海淀园创业中心
1685,贵州科风投
1686,成都航天工业互联网智能制造产业投资基金合伙企业(有限合伙)
1687,优泊投资
1688,彤天科技
1689,陆家嘴资产管理
1690,亚派成长投资
1691,千方科技
1692,巨人投资
1693,重庆易一天使投资有限公司
1694,瑞士银行
1695,国鑫投资
1696,清科创投
1697,九州鼎盛1号集合资产管理计划
1698,百禾通顺
1699,架桥资本
1700,中科创星
1701,苏州邦盛赢新创业投资企业(有限合伙)
1702,津杉资本
1703,经泽智能科技产业投资
1704,深圳市丰溪投资咨询有限公司
1705,杭州余杭产业基金有限公司
1706,梅山保税
1707,上海张江创投
1708,北京中技华软知识产权投资
1709,上海锐合盈智创业投资中心(有限合伙)
1710,浙江金控资本
1711,Mesh Ventures
1712,小村资本
1713,善汇国际投资
1714,理成全球视野诺亚专享2号投资基金
1715,杭州沨华投资
1716,东霖创投
1717,星通创投
1718,上汽加州资本
1719,北京天星盛世投资中心(有限合伙)
1720,山东高速投资控股有限公司
1721,锦江国际
1722,上汽创投
1723,方和资本
1724,奥马电器
1725,昊德嘉慧投资
1726,上海绿廪创舸投资合伙企业(有限合伙)
1727,中信证券股份有限公司—中信证券新三板增强1号集合资产管理计划
1728,C.M.Capital
1729,新能源产业资本
1730,招银电信
1731,成都合一股权投资基金管理
1732,南京丰同投资中心(有限合伙)
1733,青岛国信创新股权投资
1734,首科开阳
1735,上海朱雀投资发展中心(有限合伙)
1736,蓝焱资本
1737,上海澜君事务所
1738,北京红杉铭德股权投资中心(有限合伙)
1739,格力电器
1740,乐视网
1741,卜展咨询
1742,安徽出版集团有限责任公司
1743,浩云科技
1744,鼎信创投
1745,杭州市公共自行车交通服务发展有限公司
1746,太原东杰车库运营有限公司
1747,北京基业长阳投资顾问有限公司
1748,润浙资本
1749,步云桥创投
1750,香港创新及科技基金
1751,江苏苏豪
1752,万和证券有限责任公司
1753,佛山红土君晟创业投资合伙企业(有限合伙)
1754,佳禾金辉创投
1755,嘉实基金-工商银行-嘉实新三板1号资产管理计划
1756,淮北矿业(集团)有限责任公司
1757,唐融投资
1758,亦庄产投
1759,毅达资本
1760,金浩股权投资
1761,中泰资本
1762,莱宝投资
1763,浙科风投
1764,快创营
1765,中银国际证券有限责任公司
1766,北京德丰杰龙升投资基金管理中心(有限合伙)
1767,上海呈瑞投资管理有限公司-永隆呈瑞新三板一期投资基金
1768,当当网
1769,苏州市历史文化名城发展集团创业投资有限公司
1770,浙江易坤创投
1771,人寿保险
1772,金慧丰投资
1773,三峡睿源创新创业股权投资基金(天津)合伙企业(有限合伙)
1774,发展投资
1775,国旅联合
1776,聚潮都飞通信定增2号专项资产计划
1777,真为基金
1778,翼迪投资
1779,梦龙投资
1780,远致富海
1781,盛世景投资
1782,中民银孚
1783,东证创新-金信灏洋2号新三板投资基金
1784,泰安市国泰民安投资集团有限公司
1785,四川省集成电路和信息安全产业投资基金有限公司
1786,友邦投资
1787,河南高科创投
1788,博源创业
1789,百度网讯
1790,珠海华金领创投资
1791,利合资本
1792,国新风投深圳
1793,立思辰
1794,深圳市融通资本财富管理有限公司-融通资本星锐1号专项资产管理计划
1795,普洛斯GLP
1796,铭笙资本
1797,金星投资
1798,东方集团产融
1799,峰谷资本
1800,戴志康
1801,深圳市腾讯产业投资基金有限公司
1802,四川璞信产融投资
1803,四川三新创业投资有限责任公司
1804,北京金信源财富投资
1805,金程创投
1806,融银资本
1807,聚源资本
1808,星言投资
1809,鸿新资产
1810,常州正赛联创投
1811,西安高新技术产业风险投资有限责任公司
1812,国寿安保基金管理有限公司
1813,Oman Investment Fund
1814,中路资本
1815,浙江天堂硅谷资产管理集团有限公司
1816,中信证券股份有限公司—中信证券新三板增强2号集合资产管理计划
1817,鑫腾投资
1818,华侨城集团
1819,河南嵩山科技创新
1820,金科同利
1821,江南仁和新能源
1822,创世伙伴资本
1823,上海澜亭投资
1824,江苏中关村科技产业园
1825,鸿坤亿润投资
1826,奇睿投资
1827,峰瑞国际控股
1828,荣盛创业投资有限公司
1829,华威国际
1830,北京协同创新京福基金管理有限公司
1831,中电基金管理(天津)
1832,先锋兴业有限公司
1833,天琪投资
1834,上海乐尧投资管理中心(有限合伙)
1835,D1 Capital Partners
1836,深圳华晟领优股权投资合伙企业(有限合伙)
1837,悦享资本
1838,昭信集团
1839,海通证券股份有限公司
1840,同盛优势股权投资
1841,江苏康尚生物医疗科技有限公司
1842,云鑫创投
1843,广发证券股份有限公司
1844,智路资本
1845,王世夫
1846,德国罗伯特•博世创业
1847,浦东科投
1848,深圳金斧子资本
1849,鹏晨投资
1850,紫竹小苗基金
1851,鲁资创业投资有限公司
1852,新源资本
1853,至合资本信中利
1854,浙江赛伯乐
1855,北京华图宏阳教育文化发展股份有限公司
1856,广东竣弘投资管理有限责任公司
1857,张江浩成
1858,中小企业发展基金
1859,万联证券有限责任公司
1860,国科嘉和(北京)投资管理有限公司
1861,浙江省产业基金有限公司
1862,东方网力
1863,华睿信
1864,新龙脉资本
1865,宁波科发宝鼎创业投资合伙企业(有限合伙)
1866,北京盛通知行教育科技有限公司
1867,Casmain
1868,鸣弦投资
1869,上海华福谷物进出口有限公司
1870,杭州南海成长投资合伙企业(有限合伙)
1871,恒启汇智
1872,新余爱乐投资管理中心(有限合伙)
1873,峰尚资本
1874,沃生投资
1875,新动能投资
1876,厦门英特嘉投资管理有限公司
1877,大一资本
1878,深圳新招中安资管
1879,正同创投
1880,武汉开发投资有限公司
1881,味千拉面
1882,中广核亨风
1883,投资方未披露
1884,前海方舟资产
1885,金种子创投
1886,大营资本
1887,谷银基金
1888,晶隆投资
1889,信厚秉德
1890,中信证券股份有限公司
1891,德屹资本
1892,中电创新基金
1893,汇川投资
1894,苏州清研资本
1895,北京富华永利实业有限公司
1896,天鹰资本
1897,建工投资
1898,成都电科投资
1899,德清朴盈投资
1900,吉林科技投资基金
1901,厦门东方汇富
1902,全明星投资
1903,上海一村投资
1904,君桐资本
1905,国开科创
1906,福州市创业投资有限责任公司
1907,高正创投
1908,河北港口集团有限公司
1909,软库博辰创投
1910,云中书城
1911,和智资本
1912,华夏资本-新三板聚宝2号专项资产管理计划
1913,黄河三角洲产业投资基金管理有限公司
1914,美团(新美大)
1915,达孜德联
1916,温青创投
1917,功夫资本
1918,新余卓安投资
1919,兴业证券股份有限公司
1920,义柏资本
1921,尚泰永源
1922,苏州恒久光电科技股份有限公司
1923,联通创投
1924,金元顺安基金管理有限公司
1925,二十一世纪科技投资
1926,上海长盈股权投资中心(有限合伙)
1927,中铁中基
1928,华茂产业投资
1929,熔岩投资
1930,辰灏投资
1931,Bryant Stibel
1932,道一泉青岛资管
1933,兴银基金管理有限责任公司
1934,泰康保险
1935,华新世纪投资
1936,深圳市达晨创坤股权投资企业(有限合伙)
1937,清控创投
1938,浙江中赢资本投资合伙企业(有限合伙)
1939,上海盛宇股权投资中心(有限合伙)
1940,上海华强投资
1941,Welkin汇勤资本
1942,有成资本
1943,诚柏投资
1944,山东财金集团
1945,天风天睿
1946,华瓯创投
1947,福州盈科融通创业投资中心(有限合伙)
1948,梅花创投
1949,恒泰证券股份有限公司
1950,广东粤科白云新材料创业投资有限公司
1951,中科宏易创投
1952,慈溪极地熔岩上林股权投资合伙企业(有限合伙)
1953,广东恒健投资控股有限公司
1954,思特奇
1955,拉萨弘俊投资管理有限公司
1956,理成转子新三板2号投资基金
1957,赛百诺
1958,许单单
1959,西藏泰豪智能技术有限公司
1960,邦信资产
1961,财通资产天堂财通新三板1号资产管理计划
1962,新余奥星投资合伙企业(有限合伙)
1963,汇仁文曲投资
1964,古玉浩庭投资
1965,孝昌水木投资(唐彬森)
1966,金石灏汭
1967,上海含德股权投资基金管理有限公司
1968,中国航空技术国际控股有限公司
1969,杭州市公共交通集团有限公司
1970,复星产业投资
1971,追远创投
1972,湖南高新创投
1973,珠海耀辉
1974,青岛即墨区政府
1975,一方集团
1976,红杉资本
1977,鲁亿通
1978,力合载物
1979,共青城哈特莱智通投资管理合伙企业(有限合伙)
1980,金科君创
1981,首钢基金
1982,建银创信
1983,厦门德丰嘉润股权投资基金合伙企业(有限合伙)
1984,易津投资
1985,国融资本
1986,支点投资
1987,星创投
1988,安徽中安资本投资基金有限公司
1989,君德富创投
1990,君汇创投
1991,农银汇理(上海)资产管理有限公司
1992,东风汽车有限公司
1993,广州仁合文化发展有限公司
1994,伯藜创投
1995,核心资本
1996,国元创投
1997,凯风厚泽创投
1998,广州创联计算机科技有限公司
1999,创新发展
2000,鼎泓乘方
2001,重庆中新融创
2002,天创龙韬
2003,君利联合创业投资
2004,上海重阳战略投资有限公司
2005,上海爱建泽盈投资
2006,青山资本
2007,融诚科技
2008,中保秦唐投资
2009,武汉理工大科技园股份有限公司
2010,鼎晖创业投资
2011,南京瑞迪建设科技有限公司
2012,洪泰智造
2013,药伙伴(北京)投资
2014,恒生电子
2015,新疆世欣君诚投资有限公司
2016,新余深岩投资合伙企业(有限合伙)
2017,杭州银之利
2018,苏州广电传媒集团有限公司
2019,浙江如山新兴创业投资有限公司
2020,温州鼎源中顺投资管理合伙企业(有限合伙)
2021,南京创毅投资管理中心(有限合伙)
2022,红星美凯龙家居集团股份有限公司
2023,西藏蓝山投资有限公司
2024,成信集团
2025,国药资本上海
2026,兴旺投资
2027,共青城熙诚投资
2028,珠海横琴至能力华投资合伙企业(有限合伙)
2029,邦泰股权投资
2030,亦庄国投
2031,南京创投
2032,昆仑创元
2033,鸿富创新
2034,华融瑞通股权投资管理有限公司
2035,清控银杏
2036,宁波川捷投资
2037,杭州余杭信息港科技有限公司
2038,丰图北控宁波投资
2039,深圳领信基石投资
2040,广东天烨资管
2041,固高科技
2042,北京英诺昌盛投资
2043,农银能投
2044,DeepFashion
2045,松禾资本管理
2046,盛今创投
2047,隆基泰
2048,摩彩材料
2049,华大基因
2050,青松创投
2051,深圳惠友创盈投资
2052,三峡建信投资基金管理
2053,中国对外经济贸易信托有限公司
2054,杭州以盈投资管理合伙企业(有限合伙)
2055,久奕投资
2056,金砖资本
2057,创维数字
2058,横琴钱包壹号产业投资基金合伙企业(有限合伙)
2059,福建科能电子科技开发有限公司
2060,弘毅投资
2061,广州广电计量检测股份有限公司
2062,兴证证券资产管理有限公司—兴证资管鑫三板3号集合资产管理计划
2063,兴业证券
2064,鼎信博成
2065,Sofina
2066,瑞经达创投
2067,河南羚锐集团有限公司
2068,元力控股
2069,富泰京
2070,中美绿色基金
2071,深圳市力鼎基金管理有限责任公司
2072,原创资本
2073,深圳泓锦文资产
2074,创易智能
2075,宁波龙马龙腾投资管理中心(有限合伙)
2076,力合泓鑫
2077,智博投资
2078,天协投资
2079,上海熙简投资中心(有限合伙)
2080,北京亦庄互联创业投资中心(有限合伙)
2081,上海来硕投资合伙企业(有限合伙)
2082,浙江浙银资本管理有限公司
2083,滁州中安创业投资基金合伙企业(有限合伙)
2084,林周星源创业投资管理合伙企业(有限合伙)
2085,渤海产业投资基金
2086,凯风正德
2087,北京兰璞资管
2088,合肥汇胜耀航股权投资
2089,上海毅瑞投资
2090,武汉誉达通创业投资基金合伙企业(有限合伙)
2091,平安大华基金管理有限公司
2092,上海万吨资产管理有限公司-万吨美人鱼三号新三板成长基金
2093,杭州锦聚
2094,新微资本
2095,拉萨市交通产业集团有限公司
2096,国投招商
2097,深圳平安大华汇通财富管理有限公司
2098,淘宝(中国)软件有限公司
2099,珠海金润中泽投资中心(有限合伙)
2100,世纪鼎利
2101,中科沃土沃泽新三板3号资产管理计划
2102,银杏盛鸿新三板基金一期基金
2103,重庆高新创投两江品牌汽车产业投资中心(有限合伙)
2104,英创文化
2105,汇投资本
2106,sun vantage
2107,恒泰证券
2108,云南省能源投资集团有限公司
2109,昆仲资本
2110,双林集团股份有限公司
2111,广州国发
2112,Bright Palace
2113,华西股份
2114,深圳海德恒润财经咨询有限公司
2115,硅谷银行Silicon Valley Bank
2116,中金佳立(天津)投资中心(有限合伙)
2117,兴泓资管
2118,山南熠明
2119,深圳松禾国际资管
2120,融通高科创投
2121,瑞华信
2122,DST Global
2123,华霖合创
2124,新华基金管理
2125,深圳南山阿斯特创新股权投资基金合伙企业(有限合伙)
2126,东吴证券股份有限公司
2127,金茂资本
2128,红点创投
2129,合肥敦勤投资
2130,德迅投资
2131,天亿创投
2132,常州国盛投资咨询有限公司
2133,博汇源创投
2134,信诺资本
2135,诚存投资
2136,芜湖宇仑股权投资合伙企业(有限合伙)
2137,深圳市合创智能及健康创业投资基金(有限合伙)
2138,北京德丰杰复华创业投资基金管理中心(有限合伙)
2139,绿洲资本
2140,珠海横琴和垚投资企业(有限合伙)
2141,东连亿汇投资
2142,鼎锋明道新三板汇联基金
2143,河北汇金机电股份有限公司
2144,珠海横琴碧海股权投资合伙企业(有限合伙)
2145,晋正投资
2146,好景投资
2147,凯实投资
2148,贝壳创投
2149,晟大初心投资
2150,和盟集团
2151,元禾厚望
2152,中网投
2153,点石资本
2154,凯利易方资本
2155,同创伟业资管
2156,无锡华软
2157,合肥磐磬股权投资合伙企业(有限合伙)
2158,滨海创投
2159,深圳海创
2160,凌波资本
2161,广东小众投资
2162,兴证证券资产管理有限公司—兴证资管鑫三板2号集合资产管理计划
2163,皖投工业
2164,南通建华创业投资合伙企业(有限合伙)
2165,学而思教育
2166,海博思创
2167,嘉信资本
2168,Gortane Avatar Investments
2169,九洲梧桐(厦门)投资管理有限公司
2170,华兴Alpha
2171,领军创投
2172,山东吉富高新股权投资管理
2173,上海晨灿投资
2174,嘉兴慧海股权投资合伙企业(有限合伙)
2175,林善求
2176,Priceline
2177,SAPEGA尚品家
2178,上古资本
2179,佳协投资
2180,创业黑马
2181,山东高新创投
2182,大钲资本
2183,汕头宜华投资
2184,山东山大产业集团有限公司
2185,国元资本
2186,嵩山资本管理有限公司
2187,湖北楚商澴锋创业投资中心(有限合伙)
2188,明略软件系统
2189,茂硕电源
2190,新世界策略投资
2191,日开华创
2192,长园盈佳
2193,汇原创投
2194,意象架构
2195,北京鑫泰中技工盈科技企业(有限合伙)
2196,新俊逸资本
2197,平潭鼎福
2198,大手智造(厦门)自动化设备有限公司
2199,致景投资
2200,浙江浙里投资管理有限公司
2201,深圳前海乐合弘信资本
2202,韬蕴资本
2203,浙江五洲新春集团控股有限公司
2204,池州中安创业投资基金合伙企业(有限合伙)
2205,瑞阳科技
2206,英特尔投资Intel Capital
2207,舟山盈北投资合伙企业(有限合伙)
2208,人人网
2209,同系资本
2210,盈峰投资控股集团有限公司
2211,北京国华高科国际投资有限公司
2212,北京红杉懿远股权投资中心(有限合伙)
2213,松禾创投
2214,青岛迈通创投
2215,深圳洲明时代伯乐投资管理合伙企业(有限合伙)
2216,北京顺祺投资管理
2217,苏州乾融创禾资本
2218,兆瑞资本
2219,箩筐技术公司
2220,广州发展集团股份有限公司
2221,深创新投资
2222,中国北方工业公司
2223,安徽毅达汇承投资
2224,杭州鑫烨投资合伙企业(有限合伙)
2225,赫斯特资本
2226,杭州奥牛投资管理
2227,双刃剑体育
2228,西安经济技术开发区资产投资
2229,江苏应天投资
2230,东莞中科中广创业投资有限公司
2231,橼鸣汽车租赁
2232,武汉仁友成投资管理有限公司
2233,武汉长瑞
2234,杭州伟星润晨股权投资合伙企业(有限合伙)
2235,广州南沙金骏高新壹号投资基金(有限合伙)
2236,北京汉新行胜投资
2237,旦恩资本
2238,中信建投证券股份有限公司-中信建投中建投信托新三板1号定向资产管理计划
2239,艾利克斯投资
2240,老虎环球基金
2241,苏州德容信成投资合伙企业(有限合伙)
2242,开物兴晖
2243,上海丰足投资有限公司
2244,北京天华东方股权投资中心(有限合伙)
2245,建信信托
2246,联合信达(北京)投资有限公司
2247,瑞领资本
2248,新余巅峰怡广投资
2249,高特佳投资
2250,苏州敦行投资
2251,西藏龙天创业投资有限公司
2252,红土创新红石16号新三板资产管理计划
2253,戈壁创投
2254,芳晟股权投资基金
2255,德溢慧心投资
2256,南方资产
2257,金一文化
2258,银川赢知天泽投资管理合伙企业(有限合伙)
2259,迈捷投资
2260,珠海安赐共创股权投资基金管理企业(有限合伙)
2261,华鑫盈信
2262,江苏瑞华创投
2263,万联道一(天津)创业投资合伙企业(有限合伙)
2264,领航创投
2265,深圳市远致创业投资有限公司
2266,招商证券
2267,济南尧尚贸易有限公司
2268,苏州泰合精造投资中心(有限合伙)
2269,若沐创投
2270,上海朗需投资
2271,深圳市融信泰投资有限公司
2272,商汤科技
2273,天津信心奇缘股权投资合伙企业(有限合伙)
2274,宁波星邻星投资
2275,华章天地
2276,新余市风光无限投资管理合伙企业(有限合伙)
2277,华盛一泓投资管理有限公司
2278,陕西省国际信托股份有限公司
2279,万达控股
2280,清源资本Tsingyuan Ventures
2281,满风-启航一号基金
2282,前海仁创
2283,工道创新
2284,醴泉投资
2285,广州红土天科创业投资有限公司
2286,极客帮创投
2287,上海科鑫领富投资合伙企业(有限合伙)
2288,达晨创投
2289,君度投资
2290,仁和智本
2291,树兰医疗
2292,万讯基金
2293,上海汽车集团股权投资有限公司
2294,卢春泉
2295,航天科工投资
2296,华晟优格投资管理
2297,QM27
2298,珠海久银股权投资基金管理有限公司
2299,东方龙新媒体
2300,传音控股
2301,深圳红土吉盟投资
2302,光信资本
2303,浙创资本
2304,上海香柏实业有限公司
2305,联想直投部
2306,鹏实基金
2307,北京启迪创业孵化器基金
2308,浙江台州雅斯进出口有限公司
2309,重庆德同领航创业投资中心(有限合伙)
2310,中欧盛世资产管理(上海)有限公司
2311,源来投资
2312,广州科技金融创新投资控股有限公司
2313,中国软件
2314,新加坡政府投资公司
2315,天泓创富投资
2316,山东海格投资
2317,创显科教
2318,雷石合安投资
2319,深圳市向日葵朝阳投资合伙企业(有限合伙)
2320,玄元投资
2321,润良泰基金
2322,福州汇银海富六号投资中心(有限合伙)
2323,北京国同清源创投
2324,舜宇创投
2325,金山软件
2326,淳明投资
2327,北京汇元网科技股份有限公司
2328,西藏泰亚
2329,贵州铁路发展基金
2330,红土高科
2331,艾瑞资本(艾瑞)
2332,德国博世创投
2333,英大证券有限责任公司
2334,莱曼投资
2335,武汉锦辉泰投资管理有限公司
2336,九鼎投资
2337,宜华资本
2338,北京英睿科技
2339,湘投高创投
2340,浙江财通资本投资有限公司
2341,景熙瑞盛一号投资
2342,深圳创新谷投资管理有限公司
2343,上海鼎晖百孚
2344,新兴齐创投资合伙企业(有限合伙)
2345,中通汇银
2346,金科高创
2347,溪山天使会(西山天使会)
2348,信达证券股份有限公司
2349,百仕达
2350,浙江海宁国安睿威投资合伙企业(有限合伙)
2351,天睿汇盈天润(武汉)投资基金合伙企业(有限合伙)
2352,MindWorks Ventures概念资本
2353,前海瑞莱
2354,民生证券股份有限公司
2355,东华软件股份公司
2356,中银粤财股权投资
2357,红秀资本
2358,Integral/丰厚投资
2359,苏州驰星泽和投资
2360,武汉智慧产业投资
2361,中银投资
2362,杭州联创
2363,华山投资
2364,琢石投资
2365,电科星河
2366,海南橙红网络科技有限公司
2367,无问西东
2368,银湖投资
2369,万科投资
2370,创势资本
2371,河南联创化工有限公司
2372,广杰投资
2373,华泰证券(上海)资产管理有限公司
2374,平潭盈科盛通创业投资合伙企业(有限合伙)
2375,北京天健志远股权投资中心(有限合伙)
2376,深圳市松禾资本管理有限公司
2377,深圳信科投资
2378,杭州紫金港投资
2379,石家庄发展投资有限责任公司
2380,涌铧投资
2381,明富投资
2382,上海国石
2383,华旗盛世投资
2384,泓谟2号私募基金
2385,上海娅宝方和投资
2386,大唐投资
2387,雄牛资本
2388,神华投资
2389,杰道创投
2390,丰田汽车
2391,中小企业发展基金(江苏有限合伙)
2392,北京海胜框图投资合伙企业(有限合伙)
2393,深圳市中海全技术服务有限公司
2394,领汇创投管理
2395,中银粤财
2396,乾融创禾
2397,上海银烁资产管理有限公司
2398,杭州同喆投资合伙企业(有限合伙)
2399,深圳鹏瑞集团
2400,金风投资控股有限公司
2401,上海汉理前泰创业投资合伙企业(有限合伙)
2402,浙数文化
2403,麦格理集团
2404,海汇商融创投
2405,鑫根股权投资
2406,国泰融信
2407,优势资本
2408,普华资本
2409,赣州工投
2410,科鑫投资
2411,华睿信资产管理
2412,九源集
2413,深圳展博创投
2414,厦门创投
2415,高圣控股
2416,北京红马投资
2417,共青城嘉乐投资管理合伙企业(有限合伙)
2418,景宁万泰投资管理有限公司
2419,容铭资本
2420,奥迈资本
2421,天明资本
2422,航天科工投资基金
2423,易凯资本
2424,花桥BPO基金
2425,九泰基金-工商银行-九泰基金-嘉禾分级8号资产管理计划
2426,乾融资本
2427,海银资本
2428,北京朗玛永嘉投资管理中心(有限合伙)
2429,瑞明博创投
2430,合全投资
2431,武汉高投富海股权投资基金合伙企业(有限合伙)
2432,海通并购资本
2433,育成基金
2434,易方达基金
2435,广晟金控
2436,联合基金
2437,味千(中国)
2438,杭州浩盈
2439,芜湖安益
2440,上海万吨资产管理有限公司-万吨新三板一号基金
2441,红榕创投
2442,上城区创投
2443,绿地集团
2444,杭州毅卓实信资产管理有限公司
2445,汇睿资本
2446,酉金资本
2447,杭州启征投资管理合伙企业(有限合伙)
2448,知新资本
2449,宁波梅山保税港区东旼投资合伙企业(有限合伙)
2450,谌振宇
2451,中山久丰
2452,丰霖投资
2453,墨池山创投
2454,睿祺资本
2455,德太投资
2456,易居资本
2457,上海黑科创业投资中心(有限合伙)
2458,云晖资本
2459,宏联集团
2460,光谷人才投资
2461,睿朴3号新三板成长投资基金
2462,上海犇能新能源科技有限公司
2463,浙江韶夏投资
2464,东兴证券
2465,九合摩宝投资管理(北京)有限公司
2466,深圳市东方富海创业基金
2467,中国风投
2468,上海大钧资管
2469,永益投资
2470,百川汇达投资
2471,南通匀康基金
2472,亿文创新资本
2473,王晓波
2474,乘益投资
2475,云启资本
2476,虹联创投
2477,华创资本
2478,上海重岳投资管理有限公司
2479,首建投资本
2480,霍尔果斯华控创投
2481,北京奇虎科技有限公司
2482,国新资本
2483,上海永仓股权投资合伙企业(有限合伙)
2484,国联资本
2485,青岛国投金融控股有限公司
2486,汇石资本
2487,大联大控股
2488,太平洋保险
2489,拥湾高新投
2490,深圳市红土创投
2491,上海钧犀实业有限公司
2492,红杉中国
2493,Jafco Ventures
2494,杭州乾逸投资管理合伙企业(有限合伙)
2495,高盛集团(中国)
2496,新恒基
2497,中南资本
2498,紫牛基金
2499,紫荆天使
2500,中金硅谷基金
2501,大众交通
2502,天星资本
2503,中车金证投资
2504,华清本草投资南通
2505,武汉理工大产业集团有限公司
2506,广东资江投资有限公司
2507,北斗产业基金
2508,汉富资本
2509,Ignition
2510,阳光人寿保险股份有限公司
2511,视源股份
2512,高捷资本
2513,金雁创投
2514,齐东(威海)股投
2515,盈富泰克
2516,鼎恒瑞投资
2517,南京膜材料产投
2518,中新融创
2519,中电JAIC
2520,相城创投
2521,华融瑞泽投资
2522,呈瑞投资
2523,金控资本
2524,建银国际金禾股权投资
2525,蓝海洋基金
2526,华鑫证券有限责任公司
2527,济南泉盛文化发展股权投资基金合伙企业(有限合伙)
2528,山南硅谷天堂投资
2529,云创业
2530,祥峰投资
2531,凯旋创投
2532,云沐资本
2533,国发融富创投
2534,蓝筹科技
2535,联想创投集团(乐基金)
2536,京东数科
2537,君富投资
2538,绿盟科技
2539,南京证券股份有限公司
2540,北京基石创投
2541,复朴投资
2542,通服资本
2543,初林投资
2544,中电数融
2545,浙江润方投资管理有限公司
2546,深圳市圣众投资企业(有限合伙)
2547,倚锋创业投资
2548,山行资本
2549,点石投资
2550,中信建投资本
2551,银领资本
2552,西部利得基金管理有限公司
2553,联发科
2554,华清恒泰
2555,鑫麟(北京)投资有限公司
2556,深圳市招银财富展翼成长投资合伙企业(有限合伙)
2557,天津永纳科技
2558,正和磁系资本
2559,正海资产
2560,联创好玩创业投资
2561,黑晶资本管理有限公司
2562,金鹰基金管理有限公司
2563,武汉睿福德投资管理中心(有限合伙)
2564,双安资产
2565,浙商创投
2566,大家祥驰
2567,申时行投资
2568,北京纬世财富管理咨询有限公司-纬世财富新三板1号基金
2569,泰合资本
2570,中润发投资
2571,WARMSUN Holding Group
2572,万向创业投资
2573,杭州红栎兆润投资合伙企业(有限合伙)
2574,中国台加
2575,国开金融(国开开元)
2576,圣华洋创投
2577,深圳南山永晟
2578,湖南兴湘投资有限公司
2579,金鹰基金
2580,灰鸟基金
2581,深圳市派康投资合伙企业(有限合伙)
2582,58房地产基金
2583,东海瑞京资产
2584,工银瑞投-鑫和新三板4号资产管理计划
2585,亦庄互联云计算产业基金
2586,江苏新扬子造船有限公司
2587,红杉资本中国
2588,慧通1号新三板定增基金
2589,璀璨资本
2590,凯石益正
2591,云南南天盈富泰克资本
2592,创亿祥投资服务中心
2593,文轩资本
2594,上海创徒
2595,拓尔思
2596,武汉福创投资
2597,珪璋创投
2598,Ventech China
2599,钛和投资
2600,国科瑞华
2601,重庆唯品会
2602,安达资本
2603,新华基金
2604,飞图开元
2605,崇德弘信
2606,合肥高新科技创业投资有限公司
2607,湖州泰元投资合伙企业(有限合伙)
2608,上海驰泰资管
2609,湖北省长江合志汉翼股权投资基金合伙企业(有限合伙)
2610,和赛投资
2611,北京广润隆投资有限公司
2612,力合系创投基金
2613,阳光财险
2614,幸福投资
2615,南京毅达汇聚股权投资企业(有限合伙)
2616,昆山国科创投
2617,北京国鼎军安天下股权投资合伙企业(有限合伙)
2618,宁波鼎锋明德致知投资合伙企业(有限合伙)
2619,泰颢资本
2620,金卓恒邦科技(北京)有限公司
2621,宁波鼎利投资合伙企业(有限合伙)
2622,MFund魔量基金
2623,新湖成长创投
2624,今日资本
2625,广州天易资管
2626,凡卓投资管理
2627,北京银行
2628,心元资本
2629,永胜医疗
2630,北京国研天成投资管理有限公司
2631,广东国科创投
2632,珠海横琴乐泓投资管理有限公司
2633,陕西昱鸿企业管理有限公司
2634,济南风投
2635,龙岩市汇金永盛壹号投资合伙企业(有限合伙)
2636,富国投资
2637,北京工业发展投资
2638,东方鸿泰
2639,隆为科技
2640,丹华资本
2641,宇杉资本
2642,天亿投资
2643,山东省国有资产投资控股有限公司
2644,Translink资本
2645,盛元丰亨创投
2646,广东东菱凯琴集团有限公司
2647,平安资产管理有限责任公司
2648,金合投资
2649,展博创投
2650,千禧泰禾创投
2651,共青城海棠投资管理合伙企业(有限合伙)
2652,玄元(横琴)股权投资有限公司
2653,齐一资本
2654,宝菲特资本
2655,山东财金创投
2656,罗湖红土基金
2657,鼎兴基金
2658,启明维创创投
2659,羽信资本
2660,新时代证券股份有限公司-新时代新财富16号集合资产管理计划
2661,鸿林投资
2662,辰德资本
2663,富鑫国际
2664,上海国和投资
2665,众善创投
2666,正轩投资
2667,Banyan Consulting
2668,南京中体科技发展有限公司
2669,浙商证券资管-光大银行-浙商金惠新三板启航7号集合资产管理计划
2670,杭州筑家易网络科技股份有限公司
2671,昆冈股权投资
2672,新东方
2673,贵州贵安创业投资基金(有限合伙)
2674,普洛斯
2675,厚朴基金
2676,东莞市拓思实业投资有限公司
2677,重庆君岳共享投资
2678,腾讯创业基地
2679,北京霞光成长投资管理有限责任公司
2680,盛大资本
2681,星河领创天下
2682,广西沃盛投资管理有限公司
2683,海通创意资本
2684,安徽省高新技术产业政府引导基金
2685,武汉智慧城市创业投资基金合伙企业(有限合伙)
2686,瑞元资本管理有限公司
2687,陕西大秦科技有限公司
2688,杭州金投智汇创业投资合伙企业(有限合伙)
2689,大舍资本
2690,浩信伟达
2691,双湖资本
2692,宁波赛特股权投资合伙企业(有限合伙)
2693,安信基金管理有限责任公司
2694,联想创投
2695,Qiming Venture Partners II
2696,馒头网
2697,华安未来资产管理(上海)有限公司
2698,宁波睿祺
2699,宁波建虎启融股权投资合伙企业(有限合伙)
2700,同理圆梦健康信息
2701,蓝湖香港投资
2702,金信祥泰创投
2703,北京统典弘达投资咨询有限公司
2704,长石资本
2705,Greylock Partners
2706,苏州工业园区凌志软件股份有限公司
2707,天风证券股份有限公司
2708,复励投资
2709,天载1号基金
2710,昆明焱燊
2711,厦门稻本
2712,CMC
2713,知卓资本
2714,西安美刻
2715,涌泉亿信
2716,国民集团
2717,中信证券股份有限公司—中信证券新三板增强3号集合资产管理计划
2718,杭州士兰创业投资有限公司
2719,瞪羚投资
2720,东方国际
2721,工银资管(全球)
2722,苏州启明融合创业投资合伙企业(有限合伙)
2723,广州证券股份有限公司
2724,明业投资
2725,指数资本
2726,东方星晖投资
2727,聚潮都飞通信定增1号专项资产计划
2728,光大中兴基金
2729,长江证券(上海)资产管理有限公司-长江资管超越理财新三板1号集合资产管理计划
2730,郁金香投资
2731,赛灵思
2732,胜达国际
2733,交通银行
2734,浙江升华广沣投资
2735,德华创业投资有限公司
2736,立元创业投资
2737,葳尔资本
2738,北京泓石股权投资管理中心(有限合伙)
2739,华泰瑞联
2740,复兴成长
2741,中企高达基金管理
2742,山东红桥创业投资有限公司
2743,仁浲粤
2744,上海复容投资
2745,创业接力天使
2746,蓝湖资本
2747,PureTech Health
2748,真顺基金
2749,元禾原点
2750,湖州全美投资
2751,君禾股权投资基金管理(上海)有限公司
2752,HTC VIVE X
2753,泉州文创产投
2754,马钢集团投资有限公司
2755,拉萨顺为资本投资
2756,财通基金
2757,旭新投资
2758,启元资本
2759,永州云谷
2760,上海柿林投资
2761,西藏榕安成长投资中心(有限合伙)
2762,中同资本
2763,上海科创基金
2764,彼特蒂尔
2765,中财裕富
2766,西藏仁达创业投资有限公司
2767,温州永宣投资企业(有限合伙)
2768,本翼资本
2769,星宇企业有限公司
2770,鑫奥创投
2771,农银国联无锡投资管理有限公司
2772,温商汇智投资顾问(北京)有限公司
2773,中鹏德鑫
2774,投中资本
2775,上海斐昱丹瑄投资管理合伙企业(有限合伙)
2776,臻云创投
2777,数字天空技术
2778,巨人创投
2779,嘉豪北京投资
2780,深圳前海万朋股权投资合伙企业(有限合伙)
2781,易坤创投
2782,Coatue Management
2783,凌越资本
2784,永辉超市股份有限公司
2785,邹东亮
2786,福建金润创投
2787,南京明润企业管理服务有限公司
2788,华兴资本
2789,江苏高投科贷创业投资企业(有限合伙)
2790,深圳市投控东海一期基金(有限合伙)
2791,盈瓯创投
2792,科沃斯
2793,青岛静远创业投资有限公司
2794,DCM中国
2795,寻找中国创客导师基金
2796,天津盛鑫融创业投资合伙企业(有限合伙)
2797,广州信实交通科技有限公司
2798,金元证券股份有限公司
2799,深圳市银河风云网络系统股份有限公司
2800,上海瑞健资管
2801,湖州吴兴产业投资
2802,千合资本管理有限公司
2803,天创资本
2804,共青城晟文
2805,中经瑞益
2806,SBI Holdings
2807,德展健康
2808,深圳招商盈葵投资
2809,中汇金投资
2810,国和投资
2811,盛世投资
2812,光大金控
2813,苏豪投资
2814,弘泰资本
2815,上海耘耔投资管理有限公司-宁波梅山保税港区耘梓实业投资合伙企业(有限合伙)
2816,正享投资
2817,苏州博润利中投资中心(有限合伙)
2818,蓝贝壳资本
2819,富凯海创投
2820,微梦创科创投
2821,百度风投
2822,前海乾元坤一投资
2823,北京愿景投资
2824,顺禧资本
2825,钟鼎创投
2826,枫和创投
2827,猎鹰创投
2828,创前投资
2829,国投创新投资
2830,远望谷
2831,北京紫金道合
2832,北京友财投资管理有限公司
2833,嘉兴英飞投资中心(有限合伙)
2834,浙江大学科技创投
2835,深圳前海恒星资产管理有限公司
2836,深圳英智剑桥科技投资基金
2837,中国文化产业投资基金
2838,赢久资产
2839,国开博裕东直
2840,湖北军融高技术服务创业投资基金中心(有限合伙)
2841,华工创投
2842,东方汇富
2843,安徽高新毅达皖江产业发展创业投资基金(有限合伙)
2844,Coatue
2845,华人文化产业投资基金
2846,海门时代伯乐股权投资合伙企业(有限合伙)
2847,山西证券股份有限公司
2848,宁波元龙睿通投资合伙企业(有限合伙)
2849,安丰创业投资有限公司
2850,楚商领先
2851,天风证券
2852,瑞顺创投
2853,唐山百嘉投资咨询
2854,上海科鑫添富创业投资合伙企业(有限合伙)
2855,柒零资本
2856,浙江北大创投
2857,华映资本
2858,上海复翔投资
2859,芒果文创(上海)股权投资基金合伙企业(有限合伙)
2860,江苏达泰悦达大数据创业投资基金(有限合伙)
2861,平安证券股份有限公司
2862,方广资本
2863,深圳天风天成资产管理有限公司
2864,中小企业发展基金(深圳有限合伙)
2865,Glade Brook Capital
2866,慧宇投资
2867,华安富投资
2868,孙国栋
2869,苏大天宫
2870,北京汉铎
2871,深圳国中创业投资管理有限公司
2872,中植投资发展(北京)有限公司
2873,蓝太投资
2874,杨凌丰意股权投资管理中心(有限合伙)
2875,五矿证券有限公司
2876,多维资本
2877,北京泰中合投资管理有限公司
2878,CLSA
2879,雅才投资
2880,上海上昊投资顾问有限公司
2881,清控金信资本
2882,仰玉资本
2883,东方富海
2884,东合创投
2885,北京恒瑞隆投资管理有限公司
2886,上海赛茵莱光电工程有限公司
2887,河源市登科投资管理有限公司
2888,个人投资者
2889,英琦瑞河
2890,开信创投
2891,智宸投资
2892,成都斐然源通贰号股权投资基金合伙企业(有限合伙)
2893,合生创盈融资担保股份有限公司
2894,湖州泰熙投资合伙企业(有限合伙)
2895,创世伙伴
2896,北京国美咨询有限公司
2897,厦门海峡创投
2898,联发科MTK
2899,前海和骏
2900,洪城资本
2901,海信汇峰
2902,约瑟投资
2903,诚鼎创投
2904,中国国有企业结构调整基金股份有限公司
2905,上海临创投资
2906,江苏苏豪投资集团有限公司
2907,上海中植鑫荞投资管理有限公司
2908,上海万龙投资有限公司
2909,中国长江三峡集团公司
2910,中广核
2911,凯泰资本
2912,天越创投
2913,财通基金管理有限公司
2914,西部证券股份有限公司
2915,奥本海默
2916,金科同盛创投
2917,前海燧石
2918,深圳市晨钟资产管理有限责任公司
2919,昆山莘莘科技
2920,中科曙光
2921,苏宁润东股权投资
2922,民生证券
2923,SK hynix
2924,美年大健康
2925,龙华启富投资有限责任公司
2926,太平洋资产管理有限责任公司
2927,上海六禾投资
2928,苏州企亿智企业管理有限公司
2929,亿阳集团股份有限公司
2930,烟台民和昊虎投资中心(有限合伙)
2931,嘉楠科技
2932,宁波宏企浩春创业投资中心(有限合伙)
2933,美的资本
2934,福建省兴和股权投资有限合伙企业
2935,万辉资本
2936,珠海康新道股权投资合伙企业(有限合伙)
2937,上海融川投资管理中心(有限合伙)
2938,深圳新致远资本管理有限公司
2939,中原股权
2940,珠海乾亨投资管理有限公司
2941,平安创新投资基金
2942,宁波华桐恒泰创业投资合伙企业(有限合伙)
2943,可可资本
2944,鼎锋明道投资
2945,北京六行君通信息科技股份有限公司
2946,上海道彤清辉投资
2947,嘉实基金
2948,宜宾市新兴产业投资集团有限公司
2949,动平衡创投
2950,重庆和信汇智工业产业股权投资基金合伙企业(有限合伙)
2951,江苏中南建设集团股份有限公司
2952,久奕资本
2953,第十区VRAR孵化基金
2954,镇江智润智能制造产业投资基金合伙企业(有限合伙)
2955,恒泰实达
2956,创新谷投资
2957,南方创投基金
2958,浙江嘉豪铭泰投资
2959,永滈投资
2960,迈达斯投资
2961,北京工业发展投资管理有限公司
2962,众投资
2963,价值资本
2964,北京泰有系创投
2965,修善谷
2966,北京嘉豪伟业投资中心(有限合伙)
2967,乾元中鼎
2968,霸菱亚洲
2969,重庆重报创睿文化创意股权投资基金合伙企业(有限合伙)
2970,创业邦天使基金
2971,明驰基金
2972,浙商创新
2973,潍坊鲁信康大创业投资中心(有限合伙)
2974,复星创富
2975,琨雅资本
2976,贝塔斯曼亚洲投资基金
2977,蔚蓝投资
2978,魔量资本
2979,移盟资本
2980,浙江崇商投资
2981,国家集成电路产业投资基金股份有限公司
2982,辰质投资
2983,常州丹来财富股权投资企业(有限合伙)
2984,金沙江联合资本
2985,G7汇通天下
2986,CA创投
2987,顺盈投资
2988,诺德基金
2989,中创海洋
2990,广济惠达投资天津
2991,北京中海盈创投资管理中心(有限合伙)
2992,舟山天堂硅谷元诚股权投资合伙企业(有限合伙)
2993,洪武北拓新三板优选驱动契约型基金
2994,常州产业投资
2995,龙鼎投资
2996,北京用友幸福投资管理有限公司
2997,心怡科技
2998,中国恒天集团
2999,鸿金投资
3000,河北冀财嘉德股权投资基金(有限合伙)
3001,信天创投
3002,金投资本
3003,钟连兴恒投资
3004,平安银行
3005,珠海横琴瑞泽禾丰投资合伙企业(有限合伙)
3006,上海兴烨创业基金
3007,芜湖基石股权投资基金(有限合伙)
3008,嘉兴天梁投资管理合伙企业(有限合伙)
3009,宽带资本CBC
3010,鼎锋资产
3011,柏溪创投
3012,Binghe Age
3013,珠海领先互联高新技术产业投资中心(有限合伙)
3014,华泰紫金
3015,仁爱资本
3016,鑫盛达投资
3017,江苏毅达成果创新创业投资基金(有限合伙)
3018,湖北珞珈梧桐创业投资有限公司
3019,银河资本-东方金石新三板2号资产管理计划
3020,中移国投创新
3021,蔚来资本
3022,国寿股权投资
3023,北京天融信网络安全技术有限公司
3024,深圳前海盛世轩金投资企业(有限合伙)
3025,粤科创投
3026,珠海国安方德股权投资合伙企业(有限合伙)
3027,汇原创业投资
3028,云南冶金集团股份有限公司
3029,德丰杰龙脉中国基金
3030,国信弘盛
3031,观通基金
3032,机智云
3033,宁波中和节能环保有限公司
3034,李小林
3035,上凯创投
3036,正和方达投资
3037,广东粤科纵横融通创业投资合伙企业(有限合伙)
3038,久德投资
3039,深圳市宝新微投资中心(有限合伙)
3040,财通证券股份有限公司
3041,广州迪森家用锅炉制造有限公司
3042,常见投资
3043,海澜投资
3044,金沙江朝华创投
3045,金力方创投
3046,易方达资产-广发证券-发达汇专项资产管理计划
3047,芜湖歌斐资产
3048,张家口康达致远投资有限公司
3049,建银国际
3050,BV百度风投
3051,中青国融
3052,中国航空油料集团公司
3053,理成转子新三板3号投资基金
3054,东海瑞京
3055,创徒丛林-创徒投资
3056,拓金资本
3057,姑苏天使
3058,上海游马地投资中心(有限合伙)
3059,长城国泰(舟山)产业并购重组基金合伙企业(有限合伙)
3060,青域诚和投资
3061,宁波大旸文化艺术发展有限公司
3062,华宇创投
3063,共青城康桥兄弟投资管理合伙企业(有限合伙)
3064,张家港金茂创投
3065,中集睿德信
3066,国泰资管
3067,第一创业(975万)
3068,欧比特
3069,启创资本
3070,博雍资产
3071,长安源乐晟新三板1号分级资产管理计划
3072,和君资本
3073,哈尔滨科力创投
3074,合力投资
3075,金风投控
3076,复聚投资
3077,广州凯思
3078,杭州远瞻华曜创业投资合伙企业(有限合伙)
3079,三江控股集团
3080,北京瀚华露笑投资合伙企业(有限合伙)
3081,九江市伍原汇锦投资管理中心(有限合伙)
3082,D1资本
3083,银瑞达
3084,杭州高新投
3085,仁智资本
3086,立思辰(754万)
3087,SCM
3088,上海大学生创投
3089,战国时代
3090,道铭投控
3091,联基金
3092,汇垠天粤
3093,宁波梅山保税港区东杲投资合伙企业(有限合伙)
3094,Seb Alliance
3095,苏州海阔天空创投
3096,江苏九洲创投
3097,赛宸吉盛
3098,大河融科创业基金
3099,"红榕资本管理有限公司(代表“红榕资本管理有限公司财通1期"")"
3100,鼎峰资本
3101,理成转子新三板6号私募证券投资基金
3102,高新投创投公司
3103,恒泰华盛
3104,GGV纪源资本
3105,埃森哲Accenture
3106,新湖智脑投资
3107,武汉光谷博润二期新三板投资中心(有限合伙)
3108,长兴科商创业投资合伙企业(有限合伙)
3109,联合企业集团
3110,建信基金管理有限责任公司
3111,国联新三板2号集合资产管理计划
3112,平潭盈科盛达创业投资合伙企业(有限合伙)
3113,Davis Selected Advisers
3114,国贸东方资本
3115,赣州君恺投资咨询有限公司
3116,鲁证新天使投资
3117,保腾创投
3118,湛江中广创业投资有限公司
3119,长源投资
3120,工银投资
3121,甲子启航
3122,清泉石资本
3123,雷石天恒股权投资
3124,共青城力合智汇壹号投资管理合伙企业(有限合伙)
3125,三山资本
3126,君上资本
3127,光际资本(IDG-光大)
3128,理想国际
3129,富坤创投
3130,水木春锦资本
3131,前海母基金
3132,雨杉投资
3133,常熟市虞山高新区资产经营投资公司
3134,张江集团
3135,国新央企运营投资基金管理(广州)
3136,宏华文化产业(深圳)有限公司
3137,惠友资本
3138,瓦肯投资
3139,北汽产业投资
3140,深圳佳禾股权投资
3141,杭州科发创业投资合伙企业(有限合伙)
3142,京控融华投资
3143,新余东西精华金融科技投资合伙企业(有限合伙)
3144,创东方
3145,宁波德邦基业投资管理有限公司
3146,中以智教
3147,上海冉钰投资管理中心(有限合伙)
3148,国光电器
3149,中国船舶
3150,深圳群晖
3151,向日葵投资
3152,国都证券股份有限公司
3153,中国建设银行
3154,国投金融控股
3155,湖畔山南
3156,长城国融投资
3157,朴易投资
3158,纪源资本
3159,分享投资
3160,安丰创投
3161,锐革实业
3162,紫竹小苗天使投资基金
3163,何小鹏
3164,力合股份
3165,苏州昆仲元昕股权投资合伙企业(有限合伙)
3166,深圳市前海瑞旗资产管理有限公司
3167,集富亚洲
3168,赛捷投资
3169,江苏红土创投
3170,凤凰资本
3171,深圳市人才创新创业二号股权投资基金合伙企业(有限合伙)
3172,易居中国
3173,力合华睿投资
3174,巨杉(上海)资产管理有限公司
3175,湖北陆水河投资发展合伙企业(有限合伙)
3176,成都弘宇一号
3177,吴泳铭
3178,原创投资
3179,上海创复投资管理
3180,共进基金
3181,上海东方证券创新投资有限公司
3182,海亮资本
3183,广东粤财创业投资有限公司
3184,深圳招银电信新趋势股权投资基金合伙企业(有限合伙)
3185,深圳市金池投资有限公司
3186,安信证券股份有限公司
3187,上海雍创佳驰投资中心(有限合伙)
3188,上海国盛集团投资有限公司
3189,上海洪鑫源实业有限公司
3190,北极光创投
3191,特纳亚资本
3192,北京诚明汇投资
3193,苏州启明融信股权投资合伙企业(有限合伙)
3194,武汉卓付通科技有限公司
3195,Tap4Fun
3196,元投资本
3197,淡马锡投资
3198,东湖创新投
3199,国润创投
3200,东方融润
3201,东兴成长
3202,华鸿投资
3203,苏州松禾资本
3204,Tiger老虎基金(中国)
3205,苏州联想之星投资
3206,中科遥晟(上海)遥感技术有限公司
3207,盛安机电设备(昌都)有限公司
3208,福田投资
3209,远策投资
3210,Celia Safe Inc
3211,百融骏投资
3212,上海汇友精密化学品有限公司
3213,璟枫企业管理
3214,富国基金管理有限公司
3215,济南同晟投资
3216,鲁信创投
3217,深圳日靖四方创业投资有限公司
3218,深圳前海乐合一号投资合伙企业(有限合伙)
3219,上海雅儒资产管理合伙企业(有限合伙)
3220,北京国谦投资
3221,国益证通
3222,元禾原点创投
3223,金通安益投资
3224,上海宛能实业有限公司
3225,九泰基金管理有限公司
3226,道兴投资
3227,新疆向日葵朝阳股权投资合伙企业(有限合伙)
3228,大米创投基金
3229,蓝烯资本
3230,青岛里程碑创业投资管理有限公司
3231,和辉资本
3232,京信嘉隆投资
3233,苏州华丰投资中心(有限合伙)
3234,成都鲁信菁蓉投资
3235,国新央企运营投资基金
3236,启迪科服
3237,优其优
3238,阿里巴巴
3239,鸥翎投资
3240,金固股份
3241,浙江北大协同
3242,顺融创业投资
3243,深圳市和星信息投资管理中心(有限合伙)
3244,德塔资本
3245,首创成长
3246,华睿投资
3247,易方达资产管理有限公司
3248,宁夏盛世博圣投资合伙企业(有限合伙)
3249,晶创合创投
3250,浦东科创
3251,红十月投资
3252,孙丽丽
3253,贵阳创投
3254,众纳企业管理
3255,清研资本
3256,深圳移盟起点一号创业投资合伙企业(有限合伙)
3257,张江科技创投
3258,杭州初灵创业投资有限公司
3259,珠海方圆资本管理有限公司
3260,国联证券股份有限公司
3261,上海飞叶
3262,远毅资本
3263,拓邦投资
3264,高康资本
3265,北京凤凰丰茂投资
3266,宽带资本
3267,浙江清华长三角研究院杭州分院
3268,杭州泓源
3269,天融信
3270,中邮集团
3271,翔鹏股权投资
3272,好望角投资
3273,优必选科技
3274,汇付创投
3275,泰丰富盛
3276,惠州时代伯乐
3277,中州蓝海
3278,同鑫力诚
3279,海邦投资
3280,上投摩根基金—国泰君安证券—上投摩根新三板1号资产管理计划
3281,红星美凯龙
3282,深圳前海德昇投资
3283,锐合股权投资
3284,D.E.Shaw
3285,德同资本
3286,中移资本
3287,上海工业投资(集团)有限公司
3288,北京薪火科技创投资
3289,宁波梅山保税港区厚扬启航二期股权投资中心(有限合伙)
3290,北京双合金达投资管理有限公司
3291,学而思
3292,金控资产管理
3293,比邻投资
3294,道生资本
3295,和泰成长
3296,中润弘利
3297,联依企业管理
3298,易方达基金管理有限公司
3299,博时基金
3300,丝路华创
3301,广东金骏高新投资
3302,中关村并购母基金
3303,清华长三角研究院
3304,南山科创中心
3305,上海哥钰投资管理中心(有限合伙)
3306,凯兴资产
3307,沈阳国际经济技术合作有限公司
3308,北京盛泉投资
3309,巅峰旅投
3310,旭宁投资
3311,马鞍山幸福基石投资
3312,顺择创投
3313,科桥投资
3314,仓源基金
3315,凤凰基石股权投资
3316,小米集团
3317,上海泽夏投资咨询有限公司
3318,珠海金控
3319,金禾创业天使公益基金会
3320,高盛集团
3321,富汇合创
3322,昆明联诚科技股份有限公司
3323,米仓资本
3324,山东高速光控产业投资
3325,北京正康地股权投资合伙企业(有限合伙)
3326,武汉光电工研院育成基金
3327,深圳诚成高科
3328,九泰基金
3329,盛歌投资
3330,阿波罗基金
3331,复星集团
3332,北京盛世泰诺投资
3333,萧山国际创投
3334,世纪金马创投
3335,航天投资控股有限公司
3336,上海临芯投资
3337,上海中金资本
3338,上海易创投资中心(有限合伙)
3339,北京国狮资管
3340,粤科风险
3341,新余信德投资管理中心(有限合伙)
3342,新疆盛世乾金股权投资合伙企业(有限合伙)
3343,微播易科技
3344,杭州东方嘉富资产管理有限公司
3345,北京奥和信科技有限公司
3346,天津和澜商贸有限公司
3347,华熠基金
3348,巨龙投资
3349,陕西敦敏投资
3350,赛领资本
3351,共青城动能雷霆投资管理合伙企业(有限合伙)
3352,华资达信
3353,数字王国集团
3354,喜马拉雅
3355,鑫发创投
3356,春秋航空
3357,含德基金
3358,上海复容卿云投资中心(有限合伙)
3359,上海同安投资管理有限公司-东安新三板1号私募投资基金
3360,中金智德
3361,金沙湖创投
3362,巨峰科创
3363,博弘数君
3364,博瑞盛德创投
3365,陕西省高技术服务创投
3366,河南德瑞恒通高端装备创业投资基金有限公司
3367,投资方未透露
3368,武汉曙天云科技合伙企业(有限合伙)
3369,中意资产管理有限责任公司
3370,北京邦达润通投资
3371,前海梧桐并购
3372,GIC
3373,创世资本
3374,博裕资本
3375,江苏毅达股权投资基金管理有限公司
3376,君禾投资
3377,常州大智投资
3378,安徽新华控股集团投资有限公司
3379,FutureX Capital
3380,圆信永丰基金管理有限公司
3381,杭州君知投资合伙企业(有限合伙)
3382,中船财务有限责任公司
3383,上海金力方长津股权投资合伙企业(有限合伙)
3384,星通投资
3385,长友融智
3386,Mirodesign
3387,广州日信宝安新材料产业投资中心(有限合伙)
3388,三花集团
3389,思科瑞新资本(思科资本)
3390,北京合和元辰股权投资基金管理有限公司
3391,万得信息技术
3392,兴证证券资产管理有限公司—兴证资管鑫三板1号集合资产管理计划
3393,南京俱成股权投资
3394,中平投资
3395,德同资本管理有限公司
3396,宁波梅山保税港区道泰信泉投资合伙企业(有限合伙)
3397,天津天创盈鑫创业投资合伙企业(有限合伙)
3398,北京将门成长创业投资中心(有限合伙)
3399,百安创投
3400,青瑞聚信基金
3401,江苏海州湾发展集团有限公司
3402,领沨创投
3403,阿尔卑斯电气株式会社
3404,上海复星昆仲股权投资管理有限公司
3405,和盟创投
3406,宏益投资
3407,上海永挣投资管理有限公司
3408,汇山富投资
3409,弈胜蓝海
3410,厦门半导体投资集团有限公司
3411,九州证券股份有限公司
3412,威盛电子
3413,前海君顶
3414,中国诚信
3415,青瑞聚信
3416,华商盈通投资
3417,中合盛资本
3418,绩优投资
3419,承树资本
3420,国泰基金
3421,速会投资
3422,圆信永丰
3423,金陀罗飞龙6号基金
3424,纳通科技
3425,兰石投资
3426,苏州天宫号
3427,希夷资产
3428,东方邦信创投
3429,中航资本
3430,盛景网联
3431,宁波杰隆电器有限公司
3432,深圳前海森得瑞股权投资基金合伙企业(有限合伙)
3433,创业基金会
3434,架桥富凯
3435,拍拍贷
3436,启航投资
3437,宁波梅山保税港思弘投资
3438,正达联合投资
3439,中恒投资
3440,北航投资
3441,福建省安芯产业投资基金合伙企业(有限合伙)
3442,中泰证券
3443,前海鹏晨投资
3444,光大汇益伟业
3445,深圳市中欧润隆投资管理有限公司
3446,红塔证券
3447,北京中财裕富投资管理有限公司
3448,维美创投
3449,华夏资本-新三板聚宝1号专项资产管理计划
3450,国投亚太
3451,九合创投
3452,金华中车基金
3453,丰盛大族
3454,前海君盛创投
3455,北京香樟投资
3456,谱润投资
3457,诺安基金管理有限公司
3458,东合资本
3459,云九资本
3460,北信瑞丰
3461,腾业创投
3462,熊猫资本
3463,永联胜国际
3464,龙庆投资
3465,重庆清研股权投资
3466,新连洋投资
3467,华泰柏瑞基金管理有限公司
3468,博时基金管理有限公司
3469,新世界发展
3470,翼朴资本
3471,弘章资本
3472,宁波贝庚股权投资
3473,容银投资
3474,葛洲坝集团
3475,国信金智创投
3476,慧常创投
3477,杭州网鼎投资管理有限公司
3478,嘉兴自知探索投资
3479,朗盛投资
3480,兴韬投资
3481,银桦投资
3482,欧菲光
3483,富兰克林邓普顿Franklin Templeton
3484,索道投资
3485,中衡设计
3486,雅瑞资本
3487,锦江集团
3488,南京六翼投资
3489,宁波梅山保税港区华辉锦泽投资合伙企业(有限合伙)
3490,西藏紫光通信投资有限公司
3491,义乌联创易富股权投资合伙企业(有限合伙)
3492,深圳玮荣
3493,锐盛投资Ares Management
3494,万达信息
3495,金丰汇智创投
3496,荣联创富
3497,成创汇智
3498,猎豹移动
3499,福鱼资本
3500,重庆市产业基金
3501,西藏泓涵股权投资管理有限公司
3502,中金佳成
3503,南京聚志网创电子商务有限公司
3504,上海邦明志初创业投资中心(有限合伙)
3505,元生资本
3506,火山石资本
3507,Quadrille Capital
3508,山东吉富创业投资合伙企业(有限合伙)
3509,悦达集团
3510,利中投资
3511,双博瑞峰
3512,乾宇资产
3513,上德合利
3514,宁波保税盈实投资
3515,PAC
3516,济宁嘉佳达
3517,云南省工业投资控股集团有限责任公司
3518,瑞石投资
3519,重庆德同投资
3520,河南创投
3521,红星易鸣创业投资
3522,天使成长营AC加速器
3523,万丰锦源控股集团有限公司
3524,华大卓越投资
3525,西藏光耀荣合电子科技有限公司
3526,深圳前海建艺资本有限公司
3527,泰有投资
3528,盛世润都股权
3529,软银中国资本
3530,北航创业投资
3531,立功投资
3532,达晨财智
3533,东证周德(上海)投资中心(有限合伙)
3534,润铭股权投资
3535,应用材料投资
3536,西高投
3537,深圳市博鼎华象投资合伙企业(有限合伙)
3538,奋毅资本
3539,上海欧肯
3540,上海申瑞继保电气有限公司
3541,深圳市劲嘉创业投资有限公司
3542,温青投资
3543,苏宁投资集团
3544,上银瑞金资本管理有限公司
3545,融川资本
3546,宁波梅山保税港区长实投资
3547,浙江舟山如山汇盈创业投资合伙企业(有限合伙)
3548,华商鼎信投资
3549,中信建投
3550,锐旗资本
3551,万得投资
3552,百咖创投
3553,寅嘉创投
3554,福州创投
3555,华能国际电力开发公司
3556,深圳中天防务
3557,北京当升材料科技股份有限公司
3558,上海创世盘古
3559,深圳市福鹏宏祥贰号股权投资管理中心(有限合伙)
3560,湖州盈灿投资合伙企业(有限合伙)
3561,荣信电力电子股份有限公司
3562,上海荣顾创业投资有限公司
3563,启承资本
3564,浩悦资本
3565,珠海拓金
3566,招商致远资本(招商资本)
3567,渤海汇金证券资产管理有限公司
3568,太盟投资集团
3569,红土创新红人6号资产管理计划
3570,南京道丰投资管理中心(普通合伙)
3571,源美企业管理
3572,上海金元百利资产管理有限公司
3573,华夏基金
3574,联讯证券(830899)
3575,东海证券股份有限公司
3576,华平投资
3577,英华资本
3578,华软资本
3579,软银华天创投
3580,医疗产业
3581,诚信创投
3582,纳斯特投资
3583,普思资本
3584,斯道资本(富达亚洲)
3585,深圳前海投资
3586,名川资本
3587,深圳市平安置业投资有限公司
3588,利瀚投资
3589,展维投资
3590,红土人才投资
3591,前海开源基金管理有限公司
3592,英飞尼迪集团
3593,和玉资本
3594,华胥资本
3595,美桥投资集团
3596,东北证券
3597,华胜天成能源
3598,北京国资
3599,苏宁青创基金
3600,无锡国联创投基金企业(有限合伙)
3601,光谷烽火科投
3602,中信建投证券股份有限公司
3603,国海证券股份有限公司
3604,深圳市华夏中能启航贰号基金企业(有限合伙)
3605,上海棕泉珥投资合伙企业(有限合伙)
3606,工布江达县九盛投资
3607,新余众行投资管理合伙企业(有限合伙)
3608,华登国际
3609,泓德基金管理有限公司
3610,中信资本
3611,金浦投资
3612,汉世纪投资
3613,江苏中韩盐城产业园投资有限公司
3614,戈壁创赢
3615,深圳市水木清华信息技术有限公司
3616,卓中资本
3617,国信证券(香港)资产管理有限公司
3618,中科软
3619,昆山红土创投
3620,凯风创投
3621,宝创投资
3622,美云智数
3623,广州中广天韵投资企业(有限合伙)
3624,中信联合
3625,嘉兴信业创赢伍号投资合伙企业(有限合伙)
3626,东源(天津)股权投资
3627,宁波赛伯乐甬科股权投资合伙企业(有限合伙)
3628,渠成投资
3629,西部资本
3630,北京约瑟投资有限公司
3631,迪普科技
3632,天风证券天浩181号定向资产管理计划
3633,山东黄金创业投资有限公司
3634,云熹投资
3635,宁波梅山保税港区怀真投资合伙企业(有限合伙)
3636,安徽省能源集团有限公司
3637,中寰资本
3638,上海财金产投
3639,中国国有资本风险投资基金
3640,粤科鑫泰
3641,松禾资本
3642,兴业银行
3643,深圳力合智汇创新
3644,贵州东方世纪投资管理企业(有限合伙)
3645,上海东方证券资产管理有限公司
3646,深创投红土股权投资
3647,理成全球视野诺亚专享投资基金
3648,凯兴睿进11号私募股权基金
3649,深圳市科技金融服务中心
3650,顺融资本
3651,烟台源志力帆投资
3652,林芝腾讯科技
3653,中一资本
3654,树桥资本
3655,宁夏盛世博灿投资合伙企业(有限合伙)
3656,SKY SEA ENTERPRISES LIMITED
3657,东方盛富创投
3658,德容信成
3659,苏州金茂创业投资管理
3660,沃富金信
3661,中电(天津)企业管理中心(有限合伙)
3662,沧浪投资
3663,浙江兴泓资产
3664,天齐锂业
3665,长安财富资产管理有限公司-长安资产景林新三板2期投资专项资产管理计划
3666,新世电
3667,起点创业营
3668,安徽二零一二影视投资
3669,天赋资本
3670,北京新华联产业投资有限公司
3671,深圳市群晖控股有限公司
3672,佛山金控
3673,山东福道
3674,首泰金信
3675,大众汽车(中国)投资有限公司
3676,国信证券
3677,民生通惠资产管理有限公司
3678,银盈资本
3679,中国科技产业投资管理有限公司
3680,联峰投资
3681,派康投资
3682,英特尔产品
3683,湖南泊富文化产业投资基金企业(有限合伙)
3684,杉杉创投
3685,杭州扬光投资
3686,杭州老板实业集团有限公司
3687,中关村发展集团
3688,Anderson Investments
3689,龙珠资本一期
3690,国科新禾
3691,名信中国成长基金
3692,深圳市富众达投资合伙企业(有限合伙)
3693,宜信新金融产业投资基金
3694,约印资本
3695,江苏瑞峰投资
3696,梅安森
3697,华融创投
3698,中汇金
3699,中国人保
3700,钢研大慧投资
3701,德丰杰正道
3702,汇金立方资本
3703,重庆环保产业股权投资基金合伙企业(有限合伙)
3704,TOYOTA
3705,宁波天龙电子股份有限公司
3706,朗程资本
3707,横店集团控股有限公司
3708,广州市玄元投资
3709,洪晟观通
3710,普罗资本
3711,中睿艾金投资(北京)有限公司
3712,国际金融
3713,凯鹏华盈
3714,红土创新基金管理有限公司-红石16号新三板资产管理计划
3715,金兆资本
3716,深圳市前海华大恒通资产管理有限公司
3717,斯道资本
3718,Recruit Holdings
3719,德晖资本
3720,重庆软银投资
3721,常州青枫产业投资基金中心(有限合伙)
3722,阿尔法投资管理
3723,恒瑞方圆
3724,上海新时达机器人有限公司
3725,幂方资本
3726,优势时代新三板1号基金
3727,广州久润投资企业(有限合伙)
3728,京东方
3729,汉理前景投资
3730,中国航空技术厦门有限公司
3731,华胥管理
3732,天津天创鼎鑫创业投资管理合伙企业(有限合伙)
3733,新锐浙商
3734,清华控股
3735,金浦新朋
3736,银杉科创战略新兴产业基金
3737,星河互联集团有限公司
3738,无锡金投
3739,君盛投资
3740,深圳华信股权投资
3741,长江国弘
3742,绍兴凯泰投资
3743,新疆沣华盛鼎股权投资管理有限公司
3744,九合集团
3745,金道产业
3746,信达证券
3747,上投摩根基金—国泰君安证券—上投摩根新三板2号资产管理计划
3748,上海建信
3749,璞琢资产
3750,春熙景业
3751,武汉悦然心动投资管理中心(有限合伙)
3752,安徽志道投资有限公司
3753,睿合广润创投
3754,凯辉基金
3755,新余市力玛智慧投资管理中心(有限合伙)
3756,无锡慧烁投资管理中心(有限合伙)
3757,唯猎资本
3758,国科控股
3759,宝安资产管理
3760,博通如章科技
3761,东北证券股份有限公司
3762,矩阵资本
3763,永辉瑞金创投
3764,信雅达投资
3765,深圳南山鸿泰股权投资基金合伙企业(有限合伙)
3766,海力士半导体
3767,携程旅行网
3768,汇垠澳丰
3769,滨海财富
3770,南通金玖惠通二期创业投资基金合伙企业(有限合伙)
3771,厚朴投资
3772,哈尔滨朗江创新股权投资企业(有限合伙)
3773,中泰证券股份有限公司
3774,宁波磐霖仟源股权投资合伙企业(有限合伙)
3775,东方睿德
3776,中国中投证券有限责任公司
3777,阮晓迅
3778,光控众盈资本
3779,赣州利得鸿投资管理合伙企业(有限合伙)
3780,光控众恒
3781,杭州厚初创业投资合伙企业(有限合伙)
3782,乔格理投资
3783,云谷信息
3784,中美创投
3785,湖北长江蔚来新能源投资
3786,涛瀚企业
3787,宁波梅山保税港区琨合股权投资合伙企业(有限合伙)
3788,广东嘉元实业投资有限公司
3789,燊乾投资
3790,上海临港东方君和科创产业股权投资基金合伙企业(有限合伙)
3791,东软创投
3792,上古新泰
3793,泰达宏利基金管理有限公司
3794,众源资本
3795,贵州盘江化工(集团)有限公司
3796,海阔天空创投
3797,亿联信合投资
3798,杭州凯泰民德投资合伙企业
3799,基石基金
3800,马钢(合肥)钢铁有限责任公司
3801,嘉御基金
3802,麓谷创投
3803,中寰投资
3804,北京老鹰投资基金管理有限公司
3805,北京中航星际数据投资管理合伙企业(有限合伙)
3806,鹰能创投
3807,希格斯众创
3808,Vickers Ventures
3809,共青城嘉向投资管理合伙企业(有限合伙)
3810,国新控股
3811,林芝锦华投资管理有限公司
3812,星河金融
3813,复容资本
3814,先锋电子
3815,广州云起科技股权投资企业(有限合伙)
3816,方正和生投资
3817,铮言信息
3818,前海开源资产晋善尽美新三板专项资产管理计划
3819,上海云鑫创业投资有限公司
3820,湖州摩山资产管理有限公司
3821,360金融
3822,江北智能制造产业基金
3823,欣昕资产
3824,易事特集团股份有限公司
3825,绿禾资本
3826,上海科技投资
3827,长江证券(上海)资产管理有限公司
3828,纪源资本GGV
3829,匡石创投
3830,蓝驰创投
3831,广州盈蓬投资
3832,中国南方航空集团有限公司
3833,本草资本
3834,鼎晖祁祥投资
3835,老虎全球管理基金
3836,琨瀛资本
3837,张家港国弘智能制造投资企业(有限合伙)
3838,IDG资本
3839,西藏宝瑞投资有限公司
3840,盛景投资
3841,中国长城资产管理公司
3842,深圳市大米成长新兴产业股权投资基金合伙企业(有限合伙)
3843,PreAngel荷多投资
3844,极豆资本
3845,东方证券壹壹阿尔法科技私募投资基金
3846,复星锐正资本
3847,芜湖胜宾投资中心(有限合伙)
3848,华兴汇源
3849,北京鑫润一期股权投资合伙企业(有限合伙)
3850,平阳金投股权投资基金合伙企业(有限合伙)
3851,以诺资本
3852,苏州钟鼎四号创业投资中心(有限合伙)
3853,中汇融和投资北京
3854,智度德成基金
3855,杭州橙思众想股权投资合伙企业(有限合伙)
3856,兴业国信
3857,新沃基金管理有限公司
3858,深圳市顺丰投资
3859,张弛股权
3860,中民投
3861,鑫百益创投
3862,融云投资
3863,铜陵明上投资管理中心(有限合伙)
3864,广东浙大粤科世纪投资
3865,K11
3866,联一投资
3867,信中利资本
3868,南山资本
3869,西藏健坤爱清投资有限公司
3870,核心资本杭州
3871,浙江开尔新材料股份有限公司
3872,金石资产(深圳高新创)
3873,同信开元
3874,君祺投资
3875,上海踱方步股权投资基金管理有限公司
3876,启源厚积
3877,清研新一代人工智能基金
3878,清控金信
3879,浙江北大协同创新投资
3880,泛大西洋投资
3881,浙江中科和银创投
3882,恒睿聚信
3883,广州无线电集团有限公司
3884,先锋创业有限公司
3885,思捷阳光投资
3886,云榉投资
3887,上海光雅投资
3888,汪喵乐宠物用品
3889,大大资本管理有限公司-吉祥1号定增基金
3890,启迪之星(启迪孵化器)
3891,美林创投
3892,中国中车
3893,海逸投资
3894,和谐天成
3895,SEB Alliance
3896,国投集团
3897,北京优惠金控基金管理有限公司
3898,Moussedragon
3899,清控银杏创投
3900,双湖投资
3901,全国房产联合会
3902,百度公司
3903,泓谟资产
3904,大烨科技投资
3905,雅银投资
3906,湖北高投
3907,中汇融和股权投资基金管理(北京)有限公司
3908,丰盛集团
3909,佛山市顺德区大宇智能制造产业基金合伙企业(有限合伙)
3910,上海张江(集团)有限公司
3911,嘉兴仁萃投资合伙企业(有限合伙)
3912,上汽投资-尚颀资本
3913,紫金港投资
3914,联盛创投
3915,石家庄鑫汇金投资
3916,澎湃新闻
3917,江苏亨通光电股份有限公司
3918,不公开的投资者
3919,长江资本
3920,北京力迈金科科技有限公司
3921,盛景嘉成投资
3922,富坤兴业
3923,宁波梅山保税港区沣汇投资合伙企业(有限合伙)
3924,上海云锋新创股权投资中心(有限合伙)
3925,创新汇盈投资
3926,瑞华控股
3927,武汉高投睿合投资
3928,恒生电子股份有限公司
3929,大连通和投资有限公司—通和新三板基金1号
3930,春台建业
3931,润生文华创业投资
3932,越榕资本
3933,中国人寿保险股份有限公司
3934,北京复朴长鸿投资中心(有限合伙)
3935,韩国现代摩比斯
3936,珠海金航产业投资
3937,景喆投资
3938,根云投资
3939,宁波梅山保税港区和甫股权投资合伙企业(有限合伙)
3940,开源证券股份有限公司
3941,天齐创投
3942,杭州玉辉
3943,君润投资
3944,上海某电力运维公司
3945,湖北中经资本投资发展有限公司
3946,深圳市汇川投资有限公司
3947,杭州锦杏谷创业投资合伙企业(有限合伙)
3948,成都芯联芯通信科技有限公司
3949,恒兴集团
3950,旷视科技
3951,德道投资
3952,科发资本
3953,蓝港互动
3954,北京天星北斗投资中心(有限合伙)
3955,中海创投
3956,深圳畇德投资咨询有限公司
3957,清源创新
3958,凯晟投资
3959,北京红石诚金创投
3960,华芯投资
3961,常熟国发创投
3962,百果园
3963,天津欣新盛股权投资合伙企业(有限合伙)
3964,西交1896
3965,国投高新
3966,亚东星辰
3967,天津财富嘉绩投资合伙企业(有限合伙)
3968,宁波鼎锋明道万年青投资合伙企业(有限合伙)
3969,天风瑞熙深圳创业投资中心(有限合伙)
3970,前海乾源投资
3971,盛宇投资
3972,联和投资
3973,六禾创投
3974,朗科投资
3975,湖北凯辉基金
3976,上海创投
3977,博世创投
3978,保利投资
3979,在册股东及员工
3980,国开证券有限责任公司
3981,博雅互动
3982,烟台源创现代服务业创业投资合伙企业(有限合伙)
3983,约印创投
3984,宁波汇鼎大爱投资管理中心(有限合伙)
3985,上海航运投资
3986,国投创业
3987,金石投资
3988,广州科学城集团
3989,广东高维投资
3990,久盛科投
3991,深圳市南海嘉吉金融控股有限公司
3992,深圳市神聚胜股权投资合伙企业(有限合伙)
3993,宁波保税区亿晖股权投资合伙企业(有限合伙)
3994,美投高新技术创投
3995,Mando Corporation
3996,众锐投资
3997,中和资本
3998,上海光熠投资
3999,百利宏控股
4000,常州力合投资
4001,成都高投创业基金
4002,厦门国际信托有限公司-厦门信托汇富3号新三板投资基金集合资金信托计划
4003,有米科技
4004,创徒投资
4005,杭州高目资管
4006,君宝通信科技
4007,中广文影
4008,鑫琨投资
4009,圣康世纪
4010,浙信投资
4011,纳兰德投资
4012,五都投资
4013,奇迹资本
4014,中央文化产业发展专项资金
4015,峰瑞资本
4016,长城基金管理有限公司
4017,洋智资本
4018,麦星投资
4019,北京水木华清投资中心(有限合伙)
4020,松禾远望资本
4021,达泰资本
4022,信银振华 (北京)
4023,清华大学苏州汽车研究院
4024,悦米科技
4025,上海诚鼎新扬子投资合伙企业(有限合伙)
4026,百富源资本
4027,盈港资本
4028,深圳申万交投西部成长一号股权投资基金合伙企业(有限合伙)
4029,嘉诚资本
4030,杭州阿里巴巴创业投资
4031,东方明珠
4032,民生投资
4033,上海鸿文
4034,万都​
4035,深圳市壹伍叁陆投资合伙企业(有限合伙)
4036,云秘资本
4037,聚信泰富
4038,联东集团
4039,广东省铁路发展基金有限责任公司
4040,国投安信期货有限公司-鸣谦精选新三板1期资产管理计划
4041,神州数码
4042,深圳鸿泰基金
4043,湖北高新投
4044,高成资本
4045,杭州勤桦投资
4046,青橙资本
4047,宇杉投资
4048,我题科技
4049,策源资本
4050,义乌科发创业投资合伙企业(有限合伙)
4051,乐道万创
4052,上海珞璞投资中心(有限合伙)
4053,天迪资产
4054,重庆小康集团
4055,珞珈天使投资
4056,嘉兴嘉睿投资
4057,健坤投资
4058,新恒利达
4059,厦门如川投资
4060,阿里资本
4061,光大证券股份有限公司
4062,Blue Lighthouse
4063,上海驭冉创业投资中心(有限合伙)
4064,工银瑞投-鑫和新三板3号资产管理计划
4065,金纬资本
4066,广州鼎亨投资
4067,西藏嘉禾创业投资
4068,上海光大证券资产管理有限公司
4069,凯盈资本
4070,优益新科技
4071,中科电投资
4072,博时资本-新三板1号专项资产管理计划
4073,宁波梅山保税港舜翌投资
4074,珠海太和
4075,景德镇安鹏汽车产业创业投资合伙企业(有限合伙)
4076,润航资本
4077,广发基金管理有限公司
4078,浩方创投
4079,埃森哲
4080,中意资产
4081,中国华电集团财务有限公司
4082,福建省海熙融泰投资管理有限责任公司
4083,新兴际华集团有限公司
4084,深圳高达众合投资中心(有限合伙)
4085,淞银财富
4086,中泽嘉盟股权投资
4087,智动无限
4088,青岛华耀资本
4089,中金前海
4090,无锡金投领航产业升级并购投资企业(有限合伙)
4091,开物投资
4092,宁波禄存天权企业管理合伙企业(有限合伙)
4093,北大软银
4094,中车金证投资有限公司
4095,广发信德
4096,中日青年交流中心
4097,太盟投资
4098,南京华泰瑞联并购基金一号(有限合伙)
4099,国华人寿保险股份有限公司
4100,润和科技
4101,中冀投资
4102,小康股份
4103,上海雄兵投资管理基金
4104,源政投资
4105,红点中国
4106,软银愿景基金
4107,华菱津杉
4108,英伟达
4109,北京二十一世纪科技发展有限公司
4110,众造未来基金
4111,嘉定创投
4112,澎湃资本
4113,奥银湖杉
4114,天泽金牛
4115,广州西域
4116,星河金服
4117,河北众诚投资集团有限公司
4118,运胜投资
4119,国泰君安证券股份有限公司
4120,北京谦益投资中心
4121,耀途资本
4122,麦田立家
4123,吉成创投
4124,天合永信
4125,昆明创投
4126,易合资本
4127,文科投资
4128,中环协力
4129,上海纳米创投
4130,西藏复星
4131,大雄风创投
4132,飞鸿投资
4133,德邦证券股份有限公司
4134,磐星投资
4135,常州产业投资集团有限公司
4136,湖北嵩山科技创新股权投资基金中心(有限合伙)
4137,深圳市高新投创业投资有限公司
4138,ABB
4139,江苏一带一路投资基金(有限合伙)
4140,天津奇信志成科技有限公司
4141,新疆允公股权投资合伙企业(有限合伙)
4142,国信衡达
4143,大连数码汇贸易有限公司
4144,融源资本
4145,和智投资
4146,合肥紫煦投资合伙企业(有限合伙)
4147,北京汽车集团有限公司
4148,永欣资产
4149,优势涵(上海)投资管理中心(有限合伙)
4150,国鑫资本
4151,浙江九纬资产
4152,浙大创投
4153,滨海天地(天津)投资管理有限公司-滨海天玑启航1号契约型私募投资基金
4154,创钰投资
4155,华德赢汇盈1号股权投资基金
4156,红点创投中国基金
4157,天香资本
4158,瑞哲安泰
4159,招商局创投
4160,基石资本
4161,坤言资本
4162,Image Cyber
4163,挚信资本
4164,招商证券资产管理有限公司(代招商智远新三板2号集合资产管理计划)
4165,中科招商
4166,平安财智
4167,南方机电
4168,中信投资
4169,洪范基金
4170,智果九期证券投资基金
4171,宁波海衡投资
4172,中信锦绣
4173,天士力创投
4174,信息发展
4175,财富联合投资
4176,江诣创投
4177,上海华民投资管理
4178,上海银基信息科技股份有限公司
4179,辰天经纬
4180,龙萨资本
4181,达孜熔岩投资
4182,瑞康盛创业投资
4183,江阴银杏谷股权投资合伙企业(有限合伙)
4184,Daimler
4185,烟台清芯民和投资中心(有限合伙)
4186,广东优其优投资中心(有限合伙)
4187,上海兴电创业投资中心(有限合伙)
4188,银汉创投
4189,北京恒牛创投
4190,星界资本
4191,常州青枫投资建设有限公司
4192,优唯企业
4193,恒坤睿金
4194,富国资产管理(上海)有限公司
4195,麦格理
4196,张家界猎鹰广告装潢工程有限公司
4197,广东紫宸
4198,万林国际
4199,深圳顺通商业保理有限公司
4200,易建科技
4201,上海成为常青股权投资合伙企业(有限合伙)
4202,和而泰
4203,龙湖地产
4204,海控资本
4205,绍兴上虞朱雀股权投资合伙企业(有限合伙)
4206,穗甬控股
4207,蓝色半岛投资
4208,三五互联
4209,隆领投资
4210,SC GGFIII
4211,Nio Changjiang 1st Investment
4212,楚商先锋(武汉)创业投资中心(有限合伙)
4213,红塔创新投
4214,北京凯宝投资中心(有限合伙)
4215,中船产业投资
4216,知卓空间
4217,盈锭股权投资
4218,拼图资本
4219,湖州吴兴城市投资
4220,沃达股权投资
4221,粤财创投
4222,宿迁新东腾
4223,株洲投资
4224,东莞长安融辰资产管理合伙企业(有限合伙)
4225,华宝信托有限责任公司
4226,北京程铂瀚创投
4227,久银投资
4228,新驱动香港
4229,元禾华创
4230,Samsung Ventures三星
4231,前海恒邦资本
4232,南通三建控股有限公司
4233,倚锋资本
4234,长润创投
4235,天津鸿为尚珹股权投资合伙企业(有限合伙)
4236,广东嵘联合盟投资有限公司
4237,福州盈科汇通创业投资中心(有限合伙)
4238,深圳东方汇泉集团
4239,汇川技术
4240,广州中小企发展基金
4241,常熟港口开发建设公司
4242,义乌通杰股权投资合伙企业(有限合伙)
4243,广州番禺产投
4244,平安证券
4245,西藏山南汇鑫茂通咨询合伙企业(有限合伙)
4246,华商基金
4247,点石创坚
4248,UPS
4249,北京清和泉资本
4250,景林股权投资
4251,力鼎资本
4252,农业银行
4253,暴龙资本
4254,远卓投资
4255,高科新浚
4256,春华资本
4257,连连数字
4258,智享未来
4259,杭州纳泽投资合伙企业(有限合伙)
4260,Evertid
4261,广发全球投资基金
4262,深圳市罗湖红土创业投资有限公司
4263,沙叶文化创业私募投资基金壹号
4264,中国国新
4265,同威创投
4266,山东华宸基石投资基金合伙企业(有限合伙)
4267,同源创业
4268,觉恒1号-国道新三板投资基金
4269,西藏泓涵股权投资
4270,共青城乔格理投资管理合伙企业(有限合伙)
4271,海松资本
4272,永太科技
4273,深圳恒益天泽资本管理有限公司
4274,浦软创投
4275,春阳资本
4276,昆石资本
4277,安徽省铁路发展基金股份有限公司
4278,佳都科技
4279,贵阳工投
4280,上海易方达新希望股权投资基金(有限合伙)
4281,沣源资本
4282,利通产业投资
4283,挚盈资本
4284,方富资本
4285,福建省晓冠投资有限公司
4286,同方厚持
4287,民和资本
4288,国金证券
4289,刘益谦
4290,国投高新(深圳)创业投资基金(有限合伙)
4291,国投上海创投
4292,乾元盛创投
4293,榕泉资本
4294,京道基金
4295,启迪创投
4296,国机财务
4297,聚丰博和
4298,基投资
4299,兆易创新
4300,深圳市中亚图投资合伙企业(有限合伙)
4301,华融渝富资本
4302,知合资本管理有限公司
4303,润兴投资
4304,深创投
4305,华创盛景投资
4306,赛富盛元
4307,湖北北斗产业创业投资基金合伙企业(有限合伙)
4308,上海德同诚鼎股权投资基金中心(有限合伙)
4309,农银国际投资
4310,云智投资
4311,北京航天科工信息产业投资基金(有限合伙)
4312,青鼎泰投资
4313,力合科创集团
4314,中建投资本
4315,升鸿资本
4316,Learn Capital
4317,杭州雄健投资合伙企业(有限合伙)
4318,中国航空油料
4319,贵州铁路人保壹期壹号股权投资基金中心(有限合伙)
4320,四川省能源投资集团有限责任公司
4321,未透露
4322,金垣坤通
4323,汉江投资
4324,中证资本
4325,上海长江汇英投资
4326,中原信托
4327,御乾天使
4328,原点正则创投
4329,高榕资本
4330,浩信达
4331,新浪微博基金(微创投)
4332,海胜基金
4333,中铁宝盈资产管理有限公司
4334,蚌埠市城市投资控股有限公司
4335,国金投资
4336,复合资本
4337,深圳统达投资有限公司
4338,中瑞信泰基金
4339,洪泰基金
4340,宏华文化
4341,联创永溢
4342,中大创投
4343,中洲金融
4344,至千里投资
4345,小米科技
4346,华商盈通
4347,北京力鼎兴业投资管理中心(有限合伙)
4348,肯耐珂萨
4349,恺英网络股份有限公司
4350,深圳鼎锋明道资产管理有限公司-鼎锋明道新三板汇瑞基金
4351,凤凰山国投
4352,招商致远资本
4353,诺辉岭南投资
4354,上海励程信息技术咨询有限公司
4355,喜马拉雅FM
4356,工商银行
4357,瑚琏资产德亚1号私募投资基金
4358,宁波博睿维森股权投资合伙企业(有限合伙)
4359,大成创新资本管理有限公司
4360,达孜金汇投资
4361,道富资本
4362,中科科创
4363,北京清新环境技术股份有限公司
4364,恒牛资本
4365,同盛创投
4366,力合科创
4367,常州武岳峰创投
4368,杭州星路
4369,鑫澄投资
4370,杭州臻钰创业投资合伙企业(有限合伙)
4371,Oppenheimer
4372,中电科投资控股有限公司
4373,华融瑞通
4374,优顺创业
4375,国元直投
4376,金阖资本
4377,君联资本
4378,鹏华基金管理有限公司
4379,新华文轩
4380,良仓加速器
4381,腾讯产业创投
4382,五岳投资
4383,启赋资本
4384,中信建投证券股份有限公司-中信建投鑫享新三板集合资产管理计划
4385,明泰资本
4386,玖创资本
4387,中融基金管理有限公司
4388,爱看网iSee
4389,红杉坤德
4390,中金(厦门)电子
4391,紫竹小苗投资基金
4392,汉能创投
4393,中国电子科技网络信息安全有限公司
4394,龙天创投
4395,上海弘信晨晟创业投资中心(有限合伙)
4396,上海欣博杰益投资
4397,安徽省投资集团控股有限公司
4398,辰祥投资
4399,深圳方略知远投资咨询有限公司
4400,青岛英飞中润高创创业投资基金合伙企业(有限合伙)
4401,美国泛大西洋投资集团
4402,华泰资产管理有限公司
4403,大宇资本
4404,英菲尼迪
4405,红塔创投
4406,红土创新基金
4407,北京汇达高新投资基金中心(有限合伙)
4408,上海中卫安健创业投资合伙企业
4409,杭州杰诺科技有限公司
4410,创创基金
4411,上海汇功创投
4412,联宇投资基金
4413,天一投资
4414,马钢(集团)控股有限公司
4415,兴证资本
4416,交投创新襄阳管理咨询中心(有限合伙)
4417,策源创投
4418,北京国有资本
4419,正源策略
4420,前海首润
4421,卧龙控股集团有限公司
4422,上海尚颀德连投资中心(有限合伙)
4423,成都川创投丰年君传军工股权投资基金合伙企业(有限合伙)
4424,上海永达资产管理股份有限公司
4425,鼎盛信和
4426,福建省新兴产业股权投资有限合伙企业
4427,联创永宣
4428,珠海天任天鸿基金管理中心(有限合伙)
4429,纳兰德投资基金
4430,南京航天紫金军民融合产业投资基金企业(有限合伙)
4431,华夏人寿保险股份有限公司
4432,浙商证券资管-光大银行-浙商金惠东证做市增强1号集合资产管理计划
4433,安徽投资集团
4434,大道至简投资
4435,杭州凯复投资
4436,银河源汇投资
4437,江苏苏稼缘投资管理咨询有限公司
4438,深圳市思捷阳光投资管理有限公司
4439,幸汇联荣
4440,山东科汇投资股份有限公司
4441,中小企业发展基金(江苏南通有限合伙)
4442,盛京金控
4443,珞珈天壕投资
4444,杭州涌隆投资
4445,河南国新启迪
4446,京山京源科技投资有限公司
4447,华盖医疗投资
4448,普润天成投资
4449,汪喵乐宠物
4450,深圳众汇
4451,上海东方明珠新媒体股份有限公司
4452,金通宜安投资
4453,绍兴万林股权投资基金合伙企业(有限合伙)
4454,贵阳高新软银博盛创投
4455,北纬科技
4456,辰韬资本
4457,安徽国元信托有限责任公司
4458,金砖丝路(银川)股权投资合伙企业(有限合伙)
4459,深圳长润资产管理有限公司-深圳长润创富新三板证券投资基金
4460,新余京达投资管理中心(有限合伙)
4461,大成创新资本-东证锦信3号-新三板精选资产管理计划
4462,安元基金
4463,芜湖富海浩研创业投资基金(有限合伙)
4464,浚泉信投资
4465,珠海横琴牦牛创盈股权投资企业(有限合伙)
4466,武汉当代科技产业集团股份有限公司
4467,新余诚鼎汇投资管理中心(有限合伙)
4468,经开投资
4469,竑观投资
4470,共青城国志嘉福投资
4471,芸怡资本
4472,中国远洋海运集团有限公司
4473,现代种业发展基金
4474,优卓越投资
4475,尚融资本
4476,华图宏阳投资有限公司
4477,上海英飞创复投资
4478,TBP
4479,华扬财智
4480,创金合信基金管理有限公司
4481,天津硅谷天堂
4482,永徽基金
4483,深圳安鹏资本创新有限公司
4484,同方创投
4485,招商证券资产管理有限公司(代招商智远新三板集合资产管理计划)
4486,常春藤资本
4487,中慧创业科技孵化器
4488,浙江如山汇鑫创业投资合伙企业(有限合伙)
4489,盈动资本
4490,中同投资
4491,天津金镒泰股权投资基金合伙企业(有限合伙)
4492,新华联集团
4493,赣州君恺投资
4494,天津众信股权投资合伙企业(有限合伙)
4495,海丰至诚
4496,鼎问财富投资管理
4497,横琴妙笔生花股权投资有限公司
4498,越秀产业基金
4499,中关村发展创业投资基金
4500,厦门市象屿泓鼎现代物流投资合伙企业(有限合伙)
4501,湖州市产业投资
4502,雪杉基金
4503,谷歌投资
4504,云铀投资
4505,达蓬资本管理有限公司
4506,天烨资产定增私募基金1号
4507,上银基金管理有限公司
4508,千煌投资
4509,红榕资本财通1期新三板投资基金
4510,西藏国科鼎奕投资中心(有限合伙)
4511,普禾资产
4512,福建国脉集团有限公司
4513,无锡高新投
4514,高达资本
4515,深圳市财纳易资本管理有限公司
4516,宁波弘基金鼎投资管理中心(有限合伙)
4517,浙商银行
4518,京东集团
4519,雍创资本
4520,中海创
4521,苏州麒麟股权投资中心(有限合伙)
4522,信中利股权投资
4523,两江新区彩云之南
4524,江东创投
4525,无锡睿思同创投资企业(有限合伙)
4526,普惠正通
4527,昆仑投资
4528,华耀中纬
4529,成都电子科大“互联网+”创投基金
4530,红杉资本中国基金
4531,高朋集团
4532,华泰证券
4533,德邦基金-海通证券-德邦基金-小左1号资产管理计划
4534,同渡资本
4535,富宇投资(北京)有限公司
4536,上海华普
4537,个人投资人
4538,支付宝
4539,庭瑞集团有限公司
4540,第一创业证券股份有限公司
4541,中泽嘉盟
4542,中国华融
4543,瑞明创投
4544,嘉慧泽
4545,兴业财富资产管理有限公司
4546,扬州创投
4547,鹰潭锐普鲲鹏资产管理有限合伙企业
4548,红土创新红石19号新三板资产管理计划
4549,吉林省科技投资基金有限公司
4550,苏州汇方同达信息科技有限公司
4551,常州华软投资
4552,成都技转创业投资有限公司
4553,标普全球
4554,苏州工业园区原点正则贰号创业投资企业(有限合伙)
4555,"北京正心投资有限公司(代表“国泰君安正心新三板成长基金"")"
4556,霍恩基金
4557,深圳前海众微资本管理有限公司
4558,兴证证券资产管理有限公司
4559,迭代资本
4560,宏鹰投资
4561,上海复翔投资管理合伙企业(有限合伙)
4562,新华基金管理股份有限公司
4563,圣亚友立
4564,深圳点石投资
4565,广电运通
4566,珠海领先互联
4567,北极光
4568,黄埔文化(广州)股权投资
4569,东方融富创投
4570,"中信建投基金管理有限公司(代表“世纪金源掘金6号资产管理计划"")"
4571,瑞力投资
4572,华瓯投资
4573,青岛城投金融控股集团有限公司
4574,卧龙创投
4575,启迪之星
4576,子米投资
4577,龙宇控股
4578,珠海安赐互联股权并购投资基金企业(有限合伙)
4579,巴旗资产
4580,深圳南山架桥卓越智能装备投资合伙企业(有限合伙)
4581,江苏安鹏投资
4582,中国人寿
4583,西藏齐鸣音乐
4584,北京市基础设施投资有限公司
4585,清流资本
4586,无锡邦盛赢新创业投资企业(有限合伙)
4587,上海天载股权投资基金管理有限公司—天载1号基金
4588,江苏华睿投资管理有限公司
4589,红土投发投资
4590,信雅达
4591,中国建投
4592,国泰基金管理有限公司
4593,阳光融汇
4594,思科瑞新资产
4595,联创投资
4596,Jeneration Capital时代资本
4597,张家港金科创投
4598,云南国资金润投资
4599,辛集市城市建设投资有限公司
4600,科慧创业投资
4601,上海君彤熙璟投资合伙企业(有限合伙)
4602,集素资本
4603,宏润建设
4604,科瑞投资
4605,中科院创投
4606,亳州中安天使投资基金合伙企业(有限合伙)
4607,宁波梅山保税港区和高北深智产投资
4608,中网创投
4609,汉盛资本
4610,国广东方
4611,泛华建设集团有限公司
4612,博叡创投
4613,华成智讯
4614,北京慧通联合科技有限公司
4615,瑞金市华融瑞泽一号投资中心(有限合伙)
4616,永柏领中资本
4617,海尔资本
4618,盛势资本
4619,天津仁爱智汇
4620,申万宏源证券有限公司
4621,诚成资本
4622,启明创投
4623,义云清洁技术创业
4624,北远投资
4625,江南资本
4626,财通基金-工商银行-新三板新机遇1号资产管理计划
4627,汇富产业投资基金
4628,亚东复星瑞哲安泰发展有限公司
4629,上海光控动态投资中心(有限合伙)
4630,赛富基金
4631,中电海康股权投资
4632,中华通信系统有限责任公司
4633,上海驿安投资中心(有限合伙)
4634,江苏高投掘金一号新三板投资基金
4635,田仆资产
4636,安扬资产杭州
4637,航天科工
4638,丰厚资本
4639,北京屹唐华睿投资
4640,雅惠精准医疗基金
4641,远致创投
4642,恒兆源投资
4643,杭州科地资本
4644,北京珞珈天壕投资中心(有限合伙)
4645,山证资本
4646,湖北省高新技术产业投资有限公司
4647,安徽铁路建设投资基金
4648,常熟市发展投资有限公司
4649,紫光集团
4650,浙大联创
4651,樟树市和顺投资管理中心(有限合伙)
4652,深圳鼎鸿信资产
4653,和瑞乐业投资管
4654,金樨计算机技术
4655,新华基金新三板恒鑫1号资产管理计划
4656,北京润信鼎泰投资中心(有限合伙)
4657,科力投资
4658,深圳仙瞳生物医疗股权投资基金合伙企业(有限合伙)
4659,北京天星荣耀投资中心(有限合伙)
4660,高新投
4661,北京神农投资管理股份有限公司
4662,邱灿科技
4663,喜得宝投资
4664,诺晟投资
4665,国泰君安好景投
4666,上海电气
4667,厦门市中亿资产
4668,亘星投资
4669,中骏资本
4670,元龙盛通
4671,深圳前海丰石资产管理有限公司
4672,Translink Capital
4673,康大恒远投资
4674,经纬中国
4675,九州证券
4676,广西日海信息技术有限公司
4677,远瞻资本
4678,和盛资本
4679,海富通基金管理有限公司
4680,深圳市前海盛门富邦投资中心(有限合伙)
4681,广升信息
4682,富智康(富士康)
4683,福建新大陆电脑股份有限公司
4684,华控基石基金
4685,中赢股权投资
4686,深圳市裕晋投资有限公司-裕晋新三板2期基金
4687,银河金汇证券资产管理有限公司
4688,上海鼎迎
4689,麦顿恒峰
4690,杭州千鹰展翼投资
4691,湖南高新创投集团
4692,浙江联创永钧
4693,科升投资
4694,广东省铁路发展基金
4695,建元基金
4696,国金中投
4697,南京安盟股权投资企业(有限合伙)
4698,软银中国蓝驰创投
4699,成都创投
4700,福建省创新电子信息产业投资发展有限公司
4701,北京腾邦科技发展有限公司
4702,江西裕润立达
4703,云禧(北京)投资基金管理有限公司
4704,一创投资
4705,和瑞乐业
4706,创新工场
4707,海纳百川股权投资
4708,盛山资本
4709,上海国鸿智臻投资合伙企业(有限合伙)
4710,劲嘉创投
4711,华泰证券资管
4712,黑马基金
4713,嘉融投资有限公司
4714,信业基金
4715,深圳市力合创业投资有限公司
4716,老虎基金
4717,上海佳育投资管理有限公司
4718,鼎青投资
4719,浙商汇融投资管理有限公司
4720,合众天使投资
4721,投控东海
4722,安元投资
4723,创投圈
4724,先瑞科技
4725,三峡资本
4726,上海谦怀投资中心(有限合伙)
4727,中兵慧明
4728,荣盛创投
4729,同道齐创
4730,盛景网联(盛景嘉成)
4731,中信建投基金管理有限公司
4732,蓝思科技
4733,扬州尚颀并购成长产业基金合伙企业(有限合伙)
4734,信达汉石投资
4735,域哲科技
4736,海旅创投
4737,众安在线
4738,松树资本
4739,平潭盈科盛隆创业投资合伙企业(有限合伙)
4740,丰盛控股
4741,千唐创投
4742,宁波鼎亮翊翔股权投资中心(有限合伙)
4743,天使湾创投
4744,惠理基金
4745,汇安基金
4746,光源资本
4747,韬蕴投资
4748,华生资本
4749,治平资本
4750,UPS Strategic Enterprise Fund
4751,广州钦悦企业管理有限公司
4752,九派创投
4753,金源产业投资
4754,北京互联创新工场
4755,弈世投资
4756,华泰瑞麟
4757,大成创新资本管理有限公司(代“大成创新资本-东证锦信2号-新三板精选资产管理计划”)
4758,上海歌斐惟忠股权投资中心(有限合伙)
4759,集成富达投资
4760,深圳市前海久安恩倍基金管理有限公司
4761,三一重工
4762,广东华迪新能投资管理有限公司
4763,平阳箴言裕丰投资管理合伙企业(有限合伙)
4764,渤海产业投资
4765,安徽广电传媒产业集团有限责任公司
4766,多氟多集团
4767,北京华夏幸福产业投资基金(有限合伙)
4768,鼎阳长园(北京)企业管理有限公司
4769,拓邦股份
4770,泰腾博越
4771,国寿安保-彭雪峰国保新三板4号特定资产管理计划
4772,Mirae Asset Capital
4773,山东省鲁信资本市场发展股权投资基金合伙企业(有限合伙)
4774,北京德丰杰龙脉投资基金管理中心(有限合伙)
4775,光大资本
4776,海洋基石创投
4777,银领资产
4778,粤科金融
4779,桐乡都飞通信科技股份有限公司
4780,合鲸资本
4781,睿川创业
4782,北京杨树创业投资中心(有限合伙)
4783,和浦云洲
4784,中信金控
4785,中广核资本
4786,北京金睿富投资中心(有限合伙)
4787,长沙高新
4788,点亮资本
4789,新鼎资本
4790,万家共赢资产管理
4791,尚珹资本
4792,城地建设
4793,天任投资有限责任公司
4794,中咨顺景
4795,深圳安信乾新二期股权投资合伙企业(有限合伙)
4796,银河鼎发创投
4797,浅石创投
4798,绵阳威盛创业投资
4799,凯立通(北京)科技发展有限公司
4800,爱驰汽车
4801,启迪厚德
4802,慧思顿微传感
4803,集成电路高精尖产业基金
4804,楚商(武汉)投资有限公司
4805,国信弘盛股权投资
4806,岳樽举投资
4807,中企投资
4808,禾之禾创投
4809,泰然横欣股权投资
4810,林洪瑞丰投资
4811,Centerlab Investment Holding Limited
4812,东沐投资
4813,北京华清坤德投资管理有限公司
4814,安徽安元投资基金有限公司
4815,源码资本
4816,武汉创业一家新三板股权投资基金合伙企业(有限合伙)
4817,襄禾资本
4818,浙江省浙创启元创业投资有限公司
4819,蓝色光标
4820,浙江临海永强股权并购投资中心(有限合伙)
4821,旭诺投资
4822,盛桥资本
4823,添信资本
4824,久有基金
4825,宜信财富
4826,品友互动
4827,瑞华资本
4828,合众人寿保险股份有限公司
4829,南极圈
4830,飞荣达
4831,华仪集团有限公司
4832,联想创投集团
4833,逐鹿资本
4834,中金创新资本
4835,社保基金会
4836,castle peak ltd..
4837,厚朴资本
4838,IPV Capital/盈富泰克
4839,深圳市创新投资集团有限公司
4840,诚毅数媒(厦门)投资管理有限公司
4841,如山投资
4842,大疆创新
4843,福建隽丰投资有限公司
4844,中金华创
4845,华夏幸福基业股份有限公司
4846,安益资本
4847,杭州融鼎科技有限公司
4848,万联天泽
4849,启迪控股
4850,阿里创投
4851,领庆创投
4852,五道口投资
4853,合创资本
4854,赫美集团
4855,马力创投
4856,招商湘江
4857,Phi Ventures
4858,合肥敦勤投资管理中心(有限合伙)
4859,乐道和创
4860,北京拓尔思信息技术股份有限公司
4861,东霖资本
4862,美欣达金控投资有限公司
4863,厚石股权
4864,天木资本Skywood Capital
4865,天乙金谷
4866,红塔证券股份有限公司
4867,招商招科资本管理
4868,麒麟阳光投资
4869,科技创业投资
4870,北京中海金岳投资
4871,清芯华创投资
4872,北京京东世纪贸易有限公司
4873,恒博创投
4874,沙叶投资
4875,国际创投
4876,镇江高新创业投资有限公司
4877,思科香港
4878,南京恩法化工科技有限公司
4879,深圳中投德勤投资
4880,中和元投资
4881,融翼资本
4882,"深圳市康曼德资本管理有限公司(代表“康曼德探索者1号主动管理型私募基金"")"
4883,北京海淀科技金融资本
4884,融慧达投资
4885,成都隼睿投资合伙企业(有限合伙)
4886,米林县集益投资有限公司
4887,重庆龙商股权投资
4888,鼎兴量子
4889,上海中汇金锐投资管理有限公司
4890,浙江创辉产业资本
4891,永宣创投
4892,星杉创投
4893,深圳中植产投科技投资合伙企业(有限合伙)
4894,北京嘉华创业基金
4895,四川三新创投
4896,北京能源集团
4897,中美建筑节能基金
4898,珠江人寿保险股份有限公司
4899,华协创投
4900,猪八戒网
4901,同伴投资管理
4902,协同仕富精选新三板投资1号基金
4903,南京蜜蜂投资
4904,虹京东方投资
4905,上海优美缔股权投资基金合伙企业(有限合伙)
4906,熔安德
4907,杭州浪淘沙投资管理有限公司
4908,贝恩资本
4909,上海航翠投资管理合伙企业(有限合伙)
4910,杭州牵海创业投资合伙企业(有限合伙)
4911,江苏华泰战略新兴产业投资基金(有限合伙)
4912,华盛一泓
4913,朴盈国视基金
4914,杭州嘉佑投资管理合伙企业(有限合伙)
4915,宁波执一奇元股权投资中心(有限合伙)
4916,湖南中技华软知识产权基金
4917,云创资本
4918,瀚华资本
4919,弘德投资
4920,元生创投
4921,邦易投资
4922,中海长益
4923,天津长城基金
4924,长润资本
4925,大成基金
4926,山东乐赛新能源创业投资基金有限合伙企业
4927,科大国创
4928,武汉光谷成长创投
4929,西藏九证资本投资有限公司
4930,电广传媒
4931,执一资本
4932,联建光电
4933,汇益财富投资
4934,会凌投资
4935,宁波永欣贰期股权投资合伙企业(有限合伙)
4936,摩根士丹利
4937,红星众盈投资
4938,上海盛万
4939,国融证券股份有限公司
4940,深圳市盾剑强股权投资合伙企业(有限合伙)
4941,黑洞投资
4942,深圳市达晨创联股权投资基金合伙企业(有限合伙)
4943,中盟泰资产
4944,晨山资本
4945,深圳市晟大远景创业投资中心合伙企业(有限合伙)
4946,广东德乾投资管理有限公司
4947,平潭盈科盛鑫创业投资合伙企业(有限合伙)
4948,春风创投
4949,融昌资产管理
4950,如山资本
4951,SIG海纳亚洲
4952,石家庄鑫汇金投资有限公司
4953,前海东方盛鼎创投
4954,维思捷宏
4955,原点创投
4956,中电数融投资杭州
4957,瑞驰丰和
4958,龙庆资本
4959,嘉禾资产
4960,驰星创投
4961,架桥投资
4962,德昌电机
4963,杭州浪淘沙
4964,星辉娱乐
4965,雷石投资
4966,深圳市朗峰投资
4967,富海万盛
4968,中国互联网投资基金
4969,硅谷天堂产业投资
4970,上海米河投资
4971,爱建证券恒基新三板1号集合资产管理计划
4972,申银万国投资
4973,胜道资本
4974,深圳市宏利创新投资合伙企业(有限合伙)
4975,东方赛富
4976,HAXLR8R
4977,森得瑞投资
4978,展泽投资
4979,江苏人才创新创业投资合伙企业(有限合伙)
4980,磐石资本
4981,万丰奥特投资
4982,联升资本
4983,将门创投
4984,合创信达投资
4985,北京锐闻投资
4986,百度投资
4987,新东方教育文化基金
4988,宁波梅山保税港襄源投资
4989,格隆创投
4990,杭州涌源
4991,明石投资
4992,中电海康
4993,同方以衡
4994,贵州黔通智联科技产业发展有限公司
4995,同德资产
4996,永辉瑞金
4997,中关村银行
4998,东方网
4999,美锦投资
5000,盘古创富
5001,前海人寿保险股份有限公司
5002,恒大集团
5003,福州开发区瑞信三号投资中心(有限合伙)
5004,南京金投健康产业投资企业(有限合伙)
5005,海通齐东(威海)股权投资基金合伙企业(有限合伙)
5006,武汉达润投资
5007,泓石资本
5008,界石投资
5009,石河子国杰股权投资合伙企业(有限合伙)
5010,沣扬资本
5011,北京薪火科创投资中心(有限合伙)
5012,上海万吨资产管理有限公司-万吨-长城新三板成长基金1期
5013,浙江瀛风投资
5014,亦庄普丰
5015,奥比中光
5016,泽贤资产
5017,普华锐银股权投资
5018,麦苗资本
5019,景林投资
5020,鑫致诚
5021,道合投资
5022,前海中科招商
5023,青骢资本
5024,天津明闻投资管理有限公司-明闻天下-万誉基金2号契约型私墓基金
5025,周大福VMS Legend Investment
5026,湖北国有资本
5027,深圳市森得瑞股权投资基金合伙企业(有限合伙)
5028,天津晨鑫商务咨询有限公司
5029,智途投资
5030,宁波梅山保税港卓德投资
5031,泰康资产管理有限责任公司
5032,合肥市国有资产控股有限公司
5033,广发证券资产管理(广东)有限公司
5034,蓝海洋
5035,华民投资
5036,康新投资
5037,厚安创新基金
5038,东辰投资控股
5039,德清澜胜企业管理合伙企业(有限合伙)
5040,赛伯乐投资
5041,凤博汇富
5042,上海溱鼎创业投资管理中心(有限合伙)
5043,双刃剑
5044,众信旅游
5045,创业联盟
5046,微医集团(挂号网)
5047,小咖资本
5048,深圳招商局科投
5049,天图投资
5050,苏州工业园创投引导基金
5051,新余盛名投资中心(有限合伙)
5052,上海弘烨企业管理中心(有限合伙)
5053,通和资本
5054,沅澧产投
5055,华旭投资
5056,榕泽资本
5057,SCC Venture V-Mars(HK)
5058,Hyundai Motor
5059,白云电气集团有限公司
5060,西藏山南硅谷天堂昌吉投资管理有限公司
5061,广东国富顺投互联网投资合伙企业(有限合伙)
5062,思科中国
5063,中科大资产经营有限责任公司
5064,冠亚投资
5065,资信800
5066,上海华盈
5067,翊翎资本
5068,宁波科发海鼎创业投资合伙企业(有限合伙)
5069,山东高速股份有限公司
5070,汉能投资
5071,丰实资本
5072,南京智谟投资企业(有限合伙)
5073,广州怡珀投资
5074,东海基金管理有限责任公司
5075,光控众盈
5076,邦信资本
5077,盛万投资
5078,天使汇
5079,广东省粤科大学生创新创业投资有限公司
5080,厦门象屿金象控股集团有限公司
5081,民银资本
5082,北京亦庄国际投资发展有限公司
5083,均衡创投
5084,海通开元
5085,三峡金石投资
5086,浙江水晶光电科技股份有限公司
5087,SIG
5088,航盛电子
5089,北京生活性服务业发展基金(有限合伙)
5090,薛蛮子
5091,建广资产
5092,华安基金管理有限公司
5093,温氏投资
5094,红土创新红石15号新三板资产管理计划
5095,泉州市弘山国富投资合伙企业(有限合伙)
5096,北京柏美源投资顾问有限公司
5097,科大智能机器人
5098,宁波梅山保税港区丰年君悦投资合伙企业(有限合伙)
5099,桂林大为通信技术有限公司
5100,弘信资本
5101,零壹沃土(1001万)
5102,芯电半导体(上海)有限公司
5103,杭州永滈投资合伙企业(有限合伙)
5104,楚商(武汉)投资
5105,南天盈富泰克
5106,深圳景熙资本管理有限公司
5107,青岛海丝创新股权投资基金企业(有限合伙)
5108,中信建投基金管理有限公司(作为中信建投新三板掘金2号资产管理计划之管理人)
5109,深圳市摩根壹号创业投资合伙企业(有限合伙)
5110,中新创投
5111,创新基金
5112,渤海基金
5113,天风汇盈
5114,上海力鼎投资管理有限公司
5115,Landsdowne
5116,中华开发金控创投
5117,天津药业集团有限公司
5118,供销e家
5119,高达投资
5120,深圳国资委
5121,华安未来产管理有限公司
5122,深圳南方投资
5123,顺高发展
5124,摩根大通
5125,汇纳科技
5126,杭州浙农科业投资管理有限公司
5127,金浦产业投资
5128,德韬资本
5129,杭州美望投资
5130,农银国际投资(苏州)有限公司
5131,BAI
5132,合肥国有资产
5133,银江投资
5134,博润投资
5135,瑞纥企业管理
5136,英特尔投资
5137,北信瑞丰基金管理有限公司
5138,安托资本
5139,上海贝琛网森创业投资合伙企业(有限合伙)
5140,政府产业基金
5141,广东文化产业投资
5142,铜陵发展投资集团有限公司
5143,张江火炬创投
5144,天津松江财富投资合伙企业(有限合伙)
5145,小饭桌(凡卓资本)
5146,芜湖宇昆股权投资合伙企业(有限合伙)
5147,天狼星资本
5148,北京北控智慧城市科技发展有限公司
5149,广州联兴投资
5150,华诺创投春晓东科
5151,湖北省宏睿智能产业股权投资基金合伙企业(有限合伙)
5152,长沙科风投
5153,广东红土创投
5154,中金浦成
5155,众晖资本
5156,国家中小企业发展基金(国中创投)
5157,浙江省创业投资
5158,楚祥明德
5159,北京海升投资管理有限公司
5160,齐鲁制药有限公司
5161,睿石成长
5162,禹世恒通
5163,宏商资本
5164,五莲福佳
5165,长安财富资产管理有限公司-长安资产景林海通新三板投资专项资产管理计划
5166,网宿科技
5167,千骥创投
5168,Duke King
5169,玫瑰资本
5170,苏州中和春生三号投资中心(有限合伙)
5171,架桥富润投资
5172,上海国际资管
5173,北京一扬嘉德股权投资基金管理中心〔有限合伙)
5174,聿远投资
5175,中科汇通
5176,富海利得新三板定增基金
5177,盛太投资
5178,北京华榛秋实投资管理中心(有限合伙)
5179,微特融优
5180,深圳华扬立业投资中心(有限合伙)
5181,楚昌投资集团有限公司
5182,上海兆芯投资中心(有限合伙)
5183,英飞尼迪
5184,博雅盛景
5185,华宝信托
5186,润信中安
5187,证大发展
5188,固德银赛
5189,考拉昆仑投资
5190,东方证券股份有限公司
5191,茂树资本
5192,思科华泽创投
5193,厦门蜜呆资产
5194,Dasarna对冲基金
5195,深圳畇德
5196,杭州涌江
5197,新疆金融投资有限公司
5198,广州合赢投资合伙企业(有限合伙)
5199,国润创业
5200,澳银资本
5201,当代科技
5202,中国农业银行
5203,诺基亚成长基金(海外投资)
5204,樾宸投资
5205,沣华盛鼎投资
5206,众享石天资本
5207,上海芮昱投资中心(有限合伙)
5208,凯银投资管理有限公司
5209,北京旺泰恒辉投资基金管理有限公司
5210,惠友投资
5211,中建投信托有限责任公司(代表“中建投·新三板投资基金集合信托计划1号(鼎锋资产)”)
5212,光速创投
5213,苏豪一带一路
5214,中译公司
5215,达晨财信创投
5216,中亿明源
5217,蓝杉创投
5218,吉林金塔投资股份有限公司
5219,西证重庆
5220,泰豪创投
5221,骊悦投资
5222,势能资本
5223,华安基金
5224,北油中海资产管理
5225,神州控股
5226,深圳市融通资本管理股份有限公司
5227,信诺泰投资
5228,博信投资
5229,凯腾创投
5230,夔牛创投
5231,天航控股有限责任公司
5232,红塔创新投资股份有限公司
5233,易杰投资
5234,云和资本
5235,北京开盛长新科技有限公司
5236,北京千方集团有限公司
5237,BAI贝塔斯曼亚洲投资基金
5238,山东泰山学者蓝色产业领军人才股权投资合伙企业(有限合伙)
5239,济南财金工信投资有限公司
5240,泰盈科技
5241,浙物暾澜(杭州)投资合伙企业(有限合伙)
5242,广东贝英
5243,光控华登全球基金一期
5244,北京运通汇金股权投资企业(有限合伙)
5245,浙商证券股份有限公司
5246,广州市玄元投资管理有限公司
5247,新豪方集团
5248,弘基金鼎
5249,金风投资
5250,元聚资本
5251,信银国际
5252,西安春藤成长投资有限公司
5253,国新启迪
5254,奋达科技(泓锦文基金)
5255,沃衍资本
5256,宁波天堂硅谷投资
5257,万和证券
5258,新湖中宝
5259,宁波梅山保税港华商泰合投资
5260,深圳市达晨创业投资有限公司
5261,中国电子科技集团公司第五十四研究所
5262,恩颐投资
5263,汇涌投资
5264,深圳市雄韬电源科技股份有限公司
5265,盟广信息
5266,天津天创荣鑫创业投资合伙企业(有限合伙)
5267,北京泰生鸿明投资中心(有限合伙)
5268,建投华科
5269,上海沁朴股权投资基金合伙企业(有限合伙)
5270,烽火科技集团有限公司
5271,银川金汇
5272,金沙江创投
5273,中航信托
5274,杰翱基金
5275,德兴源投资
5276,欧擎集团
5277,上海淳贺投资管理合伙企业(有限合伙)
5278,青创伯乐基金
5279,深圳市涵德阳光投资基金合伙企业(有限合伙)
5280,合肥北城水务投资基金(有限合伙)
5281,前海方舟资产管理
5282,同安投资
5283,宏泰资本
5284,浙江奥鑫控股集团有限公司
5285,国寿安保
5286,融创投资
5287,西藏科鑫创业投资合伙企业
5288,邦明资本
5289,金泉投资
5290,北京焦桐
5291,领复资本
5292,麒厚西海
5293,第一视频
5294,启辰星投资
5295,苏州高新润智创投
5296,北京澹朴投资
5297,融高创投
5298,Future Fund
5299,杭州莘花投资
5300,东风汽车
5301,熙诚金睿
5302,达晨海峡创投
5303,中瑞深圳
5304,红土创新基金管理有限公司-红土创新-红石15号新三板资产管理计划
5305,浚源资本
5306,新俊逸投资
5307,苏州聚坤创业投资企业(有限合伙)
5308,金葵花资本
5309,河北信投
5310,富海银涛
5311,华弘资本
5312,兆瑞环球资本北京
5313,琛钥资产
5314,爱建集团
5315,招银国际资本
5316,ST天马
5317,陆石昱航
5318,海都集团
5319,华犇创投
5320,高投资本
5321,鼎泰华盛投资
